"","player_name","team","games_played_window","avg_points_q1_per_game","avg_points_q2_per_game","avg_points_q3_per_game","avg_points_q4_per_game","avg_points_first_half_per_game","avg_points_second_half_per_game","points_per_game_last5","rebounds_per_game_last5","assists_per_game_last5","threes_made_per_game_last5","points_per_game_last10","rebounds_per_game_last10","assists_per_game_last10","threes_made_per_game_last10","points_per_game_last15","rebounds_per_game_last15","assists_per_game_last15","threes_made_per_game_last15"
"1","A.J. Lawson","Raptors",57,0.86,1.07,1.51,3.18,1.93,4.68,10,4.4,0.6,1.2,14.4,5.6,1.5,2.1,11,4.13,1.13,1.67
"2","AJ Green","Bucks",126,1.24,2.14,1.5,2.83,3.38,4.33,11,2.8,2,3.6,8.8,3.2,1.7,2.9,7.47,2.53,1.8,2.4
"3","AJ Griffin","Hawks",82,1.99,2.26,1.44,2.57,4.24,4.01,5.5,0.8,0.5,0.5,3.67,0.5,0.33,0.33,2.6,0.33,0.2,0.2
"4","AJ Johnson","Wizards",18,0.89,0.94,2.22,3.44,1.83,5.67,10,1.6,1.8,1,10.2,2.2,2.9,1.2,9,1.67,2.92,1
"5","Aaron Gordon","Nuggets",312,4.5,3.65,3.97,2.63,8.15,6.6,12.6,9.4,4.2,2,15.9,7.9,3.1,1.7,17.33,7.4,2.53,1.6
"6","Aaron Henry","76ers",1,0,0,0,2,0,2,0.67,0,0,0,0.4,0.1,0,0,0.4,0.07,0,0
"7","Aaron Holiday","Rockets",214,1.31,1.45,1.69,2.5,2.76,4.19,6,0.2,1,1,4.67,0.6,1.5,0.83,5.3,0.73,1.4,1.1
"8","Aaron Nesmith","Pacers",251,2.4,2.98,2.66,2.8,5.37,5.46,8.4,5,1.2,2,9.5,4.9,0.9,2.2,11.33,5.27,1.07,2.4
"9","Aaron Wiggins","Thunder",275,1.8,2.89,1.81,2.48,4.68,4.29,4,2,0.8,1,5.11,1.6,0.89,1.22,4.36,1.8,1.14,1
"10","Abdel Nader","Suns",9,0.56,1.11,1.11,1,1.67,2.11,NA,0,NA,NA,0,0.2,0,0,2.5,0.93,0.5,0.33
"11","Adam Flagler","Thunder",14,0.43,0.57,0,3.57,1,3.57,3.4,1.6,0.8,0.8,2.7,1.6,1.2,0.6,2.31,1.13,0.92,0.54
"12","Adama Sanogo","Bulls",7,0.86,1.14,1.86,2.43,2,4.29,1.33,1,0,0,6,2.6,0.2,0,3.78,2.33,0.11,0
"13","Adem Bona","76ers",39,1.62,1.74,1.21,1.74,3.36,2.95,14.75,7,1.25,0,13.33,7.2,1,0,10.46,5.73,0.77,0
"14","Admiral Schofield","Magic",59,0.37,1.61,0.86,2.69,1.98,3.56,1.5,0.4,0.5,0.5,1.5,0.5,0.5,0.5,1.38,0.53,0.25,0.38
"15","Ahmad Caver","Pacers",1,0,0,0,2,0,2,2,0,0,0,2,0,0,0,2,0,0,0
"16","Ajay Mitchell","Thunder",40,0.6,2.08,0.75,3.45,2.67,4.2,1,0.2,2,0,3.33,0.6,1,0.17,2.78,0.47,0.78,0.22
"17","Al Horford","Celtics",317,2.68,2.36,2.66,1.79,5.04,4.45,9.2,5,1.4,1.6,8.3,6.1,1.7,1.3,8.07,6.73,2.13,1.47
"18","Alec Burks","Heat",230,2.43,3.23,2.78,3.09,5.65,5.87,4,1,1.5,1,8.86,1.3,1.43,2.57,8.25,1.07,1.5,2.38
"19","Aleem Ford","Magic",3,0,3,1,0.67,3,1.67,2.8,3,0.4,0.4,2.8,3,0.4,0.4,2.8,3,0.4,0.4
"20","Aleksej Pokusevski","Hornets",106,1.82,2.49,2.06,1.95,4.31,4.01,8.8,5.8,1.2,1.4,8.4,4.8,1.2,1.1,7.73,4.73,1.67,0.93
"21","Alex Caruso","Thunder",242,1.95,2.37,2.18,1.68,4.32,3.86,8,3.2,1.6,1,9.2,3,1.5,1.3,9.6,2.6,1.73,1.53
"22","Alex Ducas","Thunder",8,0,0.38,0,3.5,0.38,3.5,1.6,1.2,0.4,0.4,1.14,0.6,0.29,0.29,1.1,0.6,0.3,0.3
"23","Alex Fudge","Mavericks",3,0,1.67,0.67,2.67,1.67,3.33,3.67,0.6,0,0.33,2.6,0.5,0,0.2,2.5,0.33,0,0.17
"24","Alex Len","Lakers",102,1.36,1.36,0.81,1.24,2.73,2.05,0,0.8,0,0,0,0.4,0,0,2.5,0.93,0.25,0.25
"25","Alex Reese","76ers",12,0.67,1.67,1.08,1.75,2.33,2.83,7.5,2.4,0.25,2,6,3.2,0.22,1.33,5.17,2.4,0.25,1.08
"26","Alex Sarr","Wizards",60,4.07,2.97,3.37,2.42,7.03,5.78,15.4,6,2.6,1,18,6.4,2.6,2,16.93,7.07,2.67,1.87
"27","Alfonzo McKinnie","Bulls",12,1.92,0.58,0.67,1.75,2.5,2.42,NA,0,NA,NA,0.5,0.2,0,0,0.6,0.53,0.2,0
"28","Alize Johnson","Spurs",11,0.27,1.09,0.91,2.09,1.36,3,1.67,1.4,0.33,0,1.83,1.8,0.17,0,1.78,1.8,0.22,0
"29","Alondes Williams","Pistons",3,0,0,0,3.33,0,3.33,5,0,1,1,3.5,0,0.5,0.5,1.4,0,0.2,0.2
"30","Alperen Sengun","Rockets",283,3.99,4.25,4.46,3.41,8.24,7.87,20.6,11.6,5.8,0.2,20.6,11.7,4.5,0.3,20.07,11.6,4.6,0.33
"31","Amari Bailey","Hornets",5,0.6,0.4,0,3.6,1,3.6,8,1.4,2.5,0.5,3,0.7,1,0.17,2.57,0.47,0.86,0.14
"32","Amen Thompson","Rockets",131,3.18,2.92,2.83,3.2,6.09,6.03,18.2,7.6,2.8,0.2,15.7,7.3,3.9,0.2,15.7,4.87,3.9,0.2
"33","Amir Coffey","Clippers",216,1.75,2.2,2.18,2.89,3.95,5.06,NA,0,NA,NA,6,0.7,1,1,7.5,0.8,1,1.38
"34","Andre Drummond","76ers",257,1.8,2.51,1.68,1.69,4.31,3.37,5,1.6,0.5,0,9.29,6.6,2,0.29,8.45,6.13,1.45,0.18
"35","Andre Iguodala","Warriors",32,1.19,1.41,0.78,1.38,2.59,2.16,2,2,2.8,0,2.12,1.7,2.38,0.12,2,1.13,2,0.17
"36","Andre Jackson Jr.","Bucks",73,1.62,0.81,1.08,1.33,2.42,2.41,0,0,0,0,0,0.3,0.33,0,0.71,0.53,0.29,0
"37","Andrew Nembhard","Pacers",235,2.61,2.77,2.53,2.56,5.38,5.09,11.4,2.8,3.2,1.6,10.5,2.9,3.8,1.4,11.07,3.07,4,1.47
"38","Andrew Wiggins","Heat",280,4.74,3.98,4.49,2.85,8.71,7.34,13.2,4.4,2.4,2.2,15.25,3.4,2.62,1.88,15.91,2.73,2.73,1.91
"39","Anfernee Simons","Trail Blazers",230,4.22,5.11,5.39,5.33,9.33,10.72,20,0.2,5,3,22,1.4,3.5,4,24.64,1.87,3.45,3.82
"40","Anthony Black","Magic",130,1.83,1.79,1.95,2.42,3.62,4.36,8.2,4.4,0,0.4,9.8,3.9,1.8,0.7,10.33,3.93,2.27,0.8
"41","Anthony Davis","Mavericks",243,7.96,5.22,6.74,4.64,13.18,11.38,20.75,7.2,4.5,1.25,23.88,9,3.75,0.88,23.5,9,3.75,0.75
"42","Anthony Edwards","Timberwolves",348,7,5.08,7.33,5.4,12.08,12.73,23,7.4,4.6,2.2,24.6,7.5,5.1,3,25.33,7.8,5.47,3.07
"43","Anthony Gill","Wizards",138,0.87,1.12,0.89,2.04,1.99,2.93,2.67,2,0.33,0,5.57,2.1,0.71,0.14,4.4,1.6,0.8,0.2
"44","Anthony Lamb","Warriors",59,1.68,2.49,1.31,1.61,4.17,2.92,1.25,0.8,0,0.25,1,0.6,0,0.2,1.38,0.6,0.38,0.12
"45","Anton Watson","Knicks",3,0,0,0,2,0,2,2,0.2,0,0,1.5,0.2,0.25,0,1.2,0.13,0.4,0
"46","Antonio Reeves","Pelicans",28,0.71,1.79,0.79,4.11,2.5,4.89,17.5,2,2,3,11.25,1.6,1.38,2.12,9.64,1.2,1.09,1.82
"47","Ariel Hukporti","Knicks",14,0.86,0.93,0.29,1.64,1.79,1.93,1,0,0,0,1.33,0.2,0,0,1.33,0.13,0,0
"48","Armel Traore","Lakers",5,0.4,0.8,0,1.6,1.2,1.6,2,0.2,0,0,2,0.1,0,0,2,0.87,0.17,0
"49","Armoni Brooks","Nets",43,1.88,1.28,1.7,2.81,3.16,4.51,5.75,1.6,1,1.5,3.57,1.2,0.71,0.86,2.78,1.07,0.56,0.67
"50","Ashton Hagans","Trail Blazers",16,1.06,0.81,1.19,1.94,1.88,3.12,5,2.2,2.6,0.6,4.3,2.7,3.2,0.6,4.6,2.67,3.13,0.53
"51","Ausar Thompson","Pistons",117,2.48,2.28,2.92,1.86,4.76,4.79,11.8,5,1,0,11.7,5.1,1.6,0.1,10.47,4.93,1.6,0.2
"52","Austin Reaves","Lakers",295,3.58,3.92,3.62,3.71,7.5,7.33,16.2,5.4,3.6,3,20.9,4.9,4.3,3.4,23.4,5,5.4,3.47
"53","Austin Rivers","Timberwolves",102,1.26,1.81,1.54,2.16,3.08,3.7,2.5,1,0.25,0.5,2.4,0.5,0.2,0.4,1.5,0.4,0.25,0.25
"54","Avery Bradley","Lakers",51,2.57,1.57,2.18,1.31,4.14,3.49,7.5,0.4,0.5,1.5,6.25,0.6,0.5,1.25,5.44,0.93,0.44,1
"55","Ayo Dosunmu","Bulls",274,2.74,2.55,2.73,2.52,5.3,5.26,11.4,3,3.4,0.6,12.1,2.8,4.7,1.2,12.21,2.33,4.07,1.5
"56","BJ Johnson","Magic",3,0,3.67,1.67,3.33,3.67,5,6.5,3.75,0,1,6.5,3.75,0,1,6.5,3.75,0,1
"57","Bam Adebayo","Heat",330,4.82,4.59,4.58,4.44,9.41,9.02,17,11.2,4,1.6,16.89,9.1,4.33,1.89,16.21,8.6,4.29,1.5
"58","Baylor Scheierman","Celtics",12,0.92,0.5,1.75,3.17,1.42,4.92,1.67,0.6,0,0.33,2,0.4,0,0.5,3.71,0.87,0.86,1
"59","Ben McLemore","Trail Blazers",55,2.82,3.49,2.98,2.56,6.31,5.55,14.4,2,2,3,15.4,1.8,1.2,3.2,15.47,2,1.07,3.2
"60","Ben Sheppard","Pacers",121,1.33,1.4,1.12,2.18,2.74,3.31,2.8,2.4,0.2,0.4,3,2.3,0.5,0.6,3.73,2,0.47,0.8
"61","Ben Simmons","Clippers",91,2.4,1.49,1.98,1,3.89,2.98,0.67,0.8,0.33,0,0.5,1.7,1.25,0,1.08,2.27,2.31,0
"62","Bennedict Mathurin","Pacers",224,3.39,4.42,3.29,4.48,7.81,7.77,13.6,6.2,1.2,1.2,13.4,4.8,1.1,0.9,9.93,3.6,0.93,0.6
"63","Bilal Coulibaly","Wizards",119,2.71,2.37,3.04,2.45,5.08,5.49,9,4,1.25,0.5,11.89,4.1,2.56,0.89,11.71,4.8,3.57,1
"64","Bismack Biyombo","Spurs",136,1.6,1.38,1.5,1.6,2.98,3.1,8.25,5,1,0,6.38,4.1,0.88,0,5.62,4.13,1,0
"65","Blake Griffin","Celtics",75,2.32,2.01,1.76,1.07,4.33,2.83,NA,0,NA,NA,NA,0,NA,NA,0,0.13,0,0
"66","Blake Wesley","Spurs",114,1.22,1.31,1.03,1.9,2.53,2.93,4.4,2.8,3,0.2,4.8,2,2.8,0.6,4.64,1.67,2.5,0.57
"67","Boban Marjanovic","Rockets",52,0.23,0.9,0.21,3.44,1.13,3.65,13,1.6,1,0,8.5,0.9,1,0,4.4,0.67,0.4,0
"68","Bobby Portis","Bucks",299,4.25,3.97,3.29,2.42,8.23,5.71,14,8.2,1.4,2,15,6.1,1.29,1.86,13.33,4.93,1.56,1.44
"69","Bogdan Bogdanovic","Clippers",259,3.07,4.21,3.39,3.89,7.28,7.28,9,2.8,2.2,1.4,8.2,2.7,2.6,1.3,10.6,3.33,2.8,1.67
"70","Bojan Bogdanovic","Knicks",193,4.9,4.78,4.85,3.62,9.67,8.47,7.4,2.8,1,1.8,8.7,2,0.9,1.6,9.47,2.07,0.73,1.53
"71","Bol Bol","Suns",134,1.82,2.93,1.37,2.19,4.75,3.56,NA,0,NA,NA,3.67,0.5,0.67,0.33,5,1.8,0.88,0.5
"72","Bones Hyland","Timberwolves",179,1.77,3.17,1.8,3.66,4.94,5.46,1.5,0,1,0.5,2.83,0,0.5,0.5,2.83,0,0.5,0.5
"73","Brad Wanamaker","Wizards",19,0.26,1.53,1.05,1.53,1.79,2.58,3.4,1.6,3.2,0,3.6,1.7,2.7,0,3.69,1.4,2.77,0
"74","Bradley Beal","Suns",197,5.1,4.91,5.31,4.76,10.01,10.07,12.6,2.6,2.8,2,13.6,2.3,3.7,1.5,17.27,3.33,4.33,1.6
"75","Branden Carlson","Thunder",19,1.37,0.53,0.47,2.42,1.89,2.89,2.6,1,0.4,0,4.11,1.5,0.56,0.56,3.46,1.07,0.38,0.54
"76","Brandin Podziemski","Warriors",135,2.88,2.33,2.79,2.64,5.21,5.44,11.6,6.2,3.2,1.4,12.1,5.2,3.2,1.9,11.33,5.07,3.07,1.93
"77","Brandon Boston","Pelicans",125,1,2.5,1.34,3.98,3.5,5.33,10.5,1.4,1,1.5,8.57,1.4,0.43,1.14,8.58,2.27,0.83,0.92
"78","Brandon Clarke","Grizzlies",200,2.04,2.7,2.28,2.81,4.74,5.08,9.6,4,1,0,10.2,5.8,1.2,0,9.53,5.2,1.2,0
"79","Brandon Goodwin","Cavaliers",25,1.48,2.32,1.12,1.92,3.8,3.04,0.67,0,0.33,0,3.71,0.2,0.43,0.29,3.33,0.67,0.75,0.25
"80","Brandon Ingram","Raptors",196,6.69,4.62,7.13,4.1,11.31,11.23,NA,0,NA,NA,17.33,1.1,4.33,2,21.5,2.67,5.88,2.5
"81","Brandon Knight","Mavericks",4,3,2.5,0.5,2,5.5,2.5,7.5,1.2,2,1,6.4,1.33,1.6,0.8,6.4,1.33,1.6,0.8
"82","Brandon Miller","Hornets",101,4.98,3.78,5.18,4.27,8.76,9.45,18.8,3.4,4.4,3.8,20.4,4.3,3.8,3.6,22.07,4.8,3.53,3.93
"83","Brandon Williams","Mavericks",59,2.15,2.64,2.31,3.34,4.8,5.64,13.4,1.6,4.4,1.2,16.6,2.7,4.3,1.5,15.08,2.27,4.23,1.38
"84","Braxton Key","Warriors",24,0.25,1.21,0.58,2.54,1.46,3.12,1,0.4,0.5,0,0.5,0.9,0.25,0,0.71,0.73,0.14,0
"85","Brice Sensabaugh","Jazz",86,2.17,2.88,2.45,2.94,5.06,5.4,16.2,3.4,1.8,3.4,14.6,3.6,1.8,3.2,13.8,3.53,1.93,2.93
"86","Brodric Thomas","Celtics",6,0,0,0.33,3.17,0,3.5,3,0.6,1.5,0.5,3,0.4,1.5,0.25,3.4,0.33,1.2,0.4
"87","Bronny James","Lakers",13,0.62,0.38,0.31,3.15,1,3.46,0,0,0,0,1.6,0.2,0.4,0.4,3.67,0.47,0.78,0.67
"88","Brook Lopez","Bucks",270,4.09,3.52,3.24,2.77,7.61,6.01,5,1.6,0.8,0.8,11.3,3.8,1.7,1.4,12.07,4,1.6,1.4
"89","Bruce Brown","Pelicans",271,2.73,2.81,2.79,2.35,5.54,5.14,13.5,3.2,4.25,2,10.22,2.9,3.56,1.11,8.77,3.2,3.08,0.92
"90","Bruno Fernando","Raptors",97,1.38,1.4,1.12,2.13,2.78,3.26,0,0.2,0,0,1,0.1,0,0,2,0.53,0.33,0
"91","Bryce McGowens","Trail Blazers",89,1.13,1.87,1.29,2.01,3,3.3,0,0.4,0.33,0,0,0.2,0.2,0,0.88,0.13,0.12,0
"92","Bryn Forbes","Timberwolves",84,1.73,2.85,1.7,2.83,4.57,4.54,5.33,0.4,1,1.33,5.33,0.2,1,1.33,5.5,0.13,1,1.25
"93","Bub Carrington","Wizards",74,2.46,1.99,2.82,2.12,4.45,4.95,13.6,3.8,5.8,1.8,9.2,3.6,5.3,1,9.87,3.6,5.07,1.13
"94","Buddy Boeheim","Pistons",10,0,1.6,0.1,3.3,1.6,3.4,2.25,0.4,0,0.5,1.5,0.3,0,0.33,3.09,0.73,0.36,0.73
"95","Buddy Hield","Warriors",331,3.46,3.17,3.79,3.58,6.63,7.36,14.8,4.6,2.2,3,14.3,3.7,2,3.2,11.67,3.33,1.53,2.53
"96","CJ Elleby","Trail Blazers",50,1.9,2,1.22,1.66,3.9,2.88,9.4,4.2,1.8,1.4,8.7,5.4,2.8,1.2,8.33,5.13,2.2,1.07
"97","CJ McCollum","Pelicans",272,5.29,5.4,5.32,4.73,10.69,10.05,14.2,4.2,4.8,2,14.89,3.4,4.44,2.56,15.62,3.2,4.77,2.62
"98","Cade Cunningham","Pistons",213,5.33,5.14,6.23,5.09,10.47,11.32,25.8,8.8,8,0.8,28.1,7.8,8.6,1.4,27.27,6.93,8.53,1.2
"99","Caleb Houstan","Magic",110,0.89,1.52,1.34,2.2,2.41,3.54,1.2,0.8,0.2,0.4,5.3,1.9,1,1.6,5.27,1.67,0.87,1.6
"100","Caleb Martin","Mavericks",270,2.15,2.82,2.09,2.69,4.97,4.78,3.75,2.6,1.75,0.5,4.71,2,1.86,0.43,4.22,1.67,2,0.33
"101","Cam Christie","Clippers",5,0,0,0.4,3.2,0,3.6,1.67,0.4,0,0.33,1,0.2,0.4,0.2,1.17,0.2,0.5,0.17
"102","Cam Reddish","Lakers",138,2.01,2.7,1.75,2.64,4.72,4.38,1,0.8,0,0,1,0.4,0,0,1,0.27,0,0
"103","Cam Spencer","Grizzlies",13,0.62,1.92,0.62,2.69,2.54,3.31,1,0.2,1,0,2.57,0.6,1.29,0.57,4,0.6,1.11,0.89
"104","Cam Thomas","Nets",188,3.97,4.33,4.16,4.81,8.3,8.97,NA,0,NA,NA,22.8,1.3,5.8,2.8,21.67,1,5,2.33
"105","Cam Whitmore","Rockets",86,1.8,3.2,2.5,4.2,5,6.7,0,0,0,0,6.8,0.9,0.2,1.4,7.33,0.6,0.33,1.5
"106","Cameron Johnson","Nets",237,3.55,3.91,3.79,3.5,7.46,7.29,20,6.8,5.8,2.2,19.4,6.1,4.8,2.4,18.67,5.33,4.27,2.2
"107","Cameron McGriff","Trail Blazers",3,0,0,0,4.67,0,4.67,4.67,5,1,0.67,4.67,5,1,0.67,4.67,5,1,0.67
"108","Cameron Oliver","Hawks",2,0,1.5,4,6,1.5,10,11.5,2,1.5,0.5,11.5,2,1.5,0.5,11.5,2,1.5,0.5
"109","Cameron Payne","Knicks",261,1.62,2.85,1.71,2.7,4.47,4.41,0,0,1,0,1.33,0.4,0.83,0.33,1.09,0.53,0.73,0.18
"110","Caris LeVert","Hawks",273,3.27,3.47,3.48,3.54,6.73,7.03,16.4,4.6,2.6,1.8,15.62,3.4,3,1.75,16.92,3.27,3.08,2.08
"111","Carlik Jones","Bulls",6,0.5,0.17,0,3.33,0.67,3.33,5.67,0.4,1.33,1,3.4,0.2,0.8,0.6,3,0.33,1,0.5
"112","Carmelo Anthony","Lakers",68,2.87,4.35,3.19,2.97,7.22,6.16,10.75,3.2,1.25,0.75,11.11,3.7,0.89,1.22,12.07,3.8,0.93,1.64
"113","Carsen Edwards","Pistons",3,1,3.33,1.67,1.67,4.33,3.33,5.75,1.5,3.5,1,5.75,1.5,3.5,1,5.75,1.5,3.5,1
"114","Cason Wallace","Thunder",172,1.79,2.02,1.58,1.99,3.81,3.58,6.4,2.6,0.6,1,5.6,2.4,1.2,0.7,5.87,2.6,2,0.87
"115","Cassius Stanley","Pistons",8,1.25,1.75,1.38,2.12,3,3.5,4,1,0.33,0,5.38,1.6,0.38,0.38,5.78,1.73,0.44,0.44
"116","Cassius Winston","Wizards",4,0,0.5,0,3,0.5,3,2,0.2,1,0,2.4,0.1,1,0.4,2,0.07,1,0.29
"117","Cedi Osman","Spurs",201,2.24,2.93,1.86,2.41,5.17,4.26,9.6,2.8,2,2.2,7,2.5,1.2,1.5,6.13,2.4,1.2,1.27
"118","Chance Comanche","Trail Blazers",1,0,0,0,7,0,7,7,3,0,0,7,3,0,0,7,3,0,0
"119","Chandler Hutchison","Suns",2,0,0,0,2,0,2,0,0,1,0,0.67,0.1,0.33,0,0.5,0.13,0.5,0
"120","Charles Bassey","Spurs",84,1.36,1.37,1.19,1.92,2.73,3.11,5,1,1.5,0,4.6,2.3,1,0,5.11,3.33,0.67,0
"121","Charlie Brown Jr.","Knicks",11,1.09,0.82,0,1.36,1.91,1.36,0,0,0,0,0,0,0,0,0,0,0,0
"122","Chaundee Brown Jr.","Hawks",4,2,1.75,1.25,2.75,3.75,4,9.67,2.8,1.33,2,6.2,1.78,0.8,1.2,6.2,1.78,0.8,1.2
"123","Cheick Diallo","Pistons",2,2,3,0,0.5,5,0.5,3.67,3,0,0,3.67,3,0,0,3.67,3,0,0
"124","Chet Holmgren","Thunder",141,4.5,4.02,4.01,3.35,8.52,7.35,13,10,0.6,0.4,13.9,8.1,0.7,0.8,14.8,8.13,1,0.87
"125","Chima Moneke","Kings",1,0,0,0,2,0,2,2,0,0,0,1,0.2,0.5,0,1,0.18,0.5,0
"126","Chimezie Metu","Pistons",160,1.64,2.1,1.74,1.94,3.74,3.68,13.8,7.6,2,2.2,11.4,6.7,1.7,1.3,9.8,5.6,1.8,0.87
"127","Chris Boucher","Raptors",250,1.92,2.7,2,2.77,4.62,4.78,NA,0,NA,NA,NA,0,NA,NA,4,0.4,0,0
"128","Chris Chiozza","Warriors",15,0.53,0.93,1.33,1.67,1.47,3,3,0.4,1.5,0.5,1.14,0.4,1.43,0.14,1.5,0.4,2.25,0.12
"129","Chris Duarte","Bulls",143,2.56,2.66,2.1,2.03,5.22,4.14,0,0,1,0,1.25,0.4,1,0.25,1.25,0.27,1,0.25
"130","Chris Livingston","Bucks",15,0.33,0,0.53,2.4,0.33,2.93,0,0.2,0,0,1.33,0.2,0,0,1,0.2,0,0
"131","Chris Paul","Spurs",275,2.13,3.12,3.08,3.55,5.25,6.63,7.8,3,5,0.8,8.7,3.8,5.6,1.5,8.07,3.2,6,1.6
"132","Chris Silva","Mavericks",7,2.14,0.86,0,1,3,1,2,0,0,0,1.33,0.9,1.33,0,1.17,1.07,0.83,0
"133","Christian Braun","Nuggets",242,2.24,2.51,2.57,2.36,4.75,4.94,15,6.6,2.8,2.2,13.5,6.8,2.5,1.9,12.6,6.13,2.6,1.4
"134","Christian Koloko","Lakers",69,1.17,0.65,0.83,1.22,1.83,2.04,1,0.4,0,0,3.29,2,0.57,0,3.44,1.73,0.44,0
"135","Christian Wood","Lakers",178,4.04,3.67,3.96,3.26,7.71,7.21,NA,0,NA,NA,7.2,1.9,0.4,0.6,5.9,2.27,0.6,0.4
"136","Chuma Okeke","Cavaliers",120,1.73,1.53,1.62,2.42,3.25,4.03,3,0,1,1,1,0,0.33,0.33,4,1.4,1,0.86
"137","Clint Capela","Hawks",278,3.39,2.77,2.96,1.69,6.16,4.65,7.4,7,0.8,0,6.4,6.4,0.8,0,7.64,6.8,0.79,0
"138","Coby White","Bulls",283,3.21,4.05,4.14,4.55,7.26,8.7,24.6,5.4,4.4,3,27,4.3,4.7,3.3,27.87,4.8,4.2,3.13
"139","Cody Martin","Suns",146,1.99,1.95,1.92,1.83,3.94,3.75,2.6,3.4,1.2,0,2.78,3.1,1.44,0.11,4.36,3.2,1.64,0.5
"140","Cody Williams","Jazz",40,1.32,1.62,1.07,1.4,2.95,2.48,3.4,1.6,1,0.2,5,2.8,0.6,0.8,5.67,2.27,0.87,1
"141","Cody Zeller","Pelicans",79,1.35,1.1,0.99,1.11,2.46,2.1,NA,0,NA,NA,0.67,0.3,1,0,0.67,0.2,1,0
"142","Colby Jones","Wizards",33,0.58,1.03,0.7,2.91,1.61,3.61,9.2,3.8,3.2,0.8,9.11,3.2,2.78,0.89,8.2,2.13,2.5,0.8
"143","Cole Anthony","Magic",271,2.39,3.61,2.78,3.89,6,6.67,2.2,1.4,1.2,0,6,1.9,2.44,0.67,7.25,1.87,2.83,0.92
"144","Cole Swider","Raptors",12,0.25,1.5,0.92,3.33,1.75,4.25,7,2.2,0.33,2.33,5.25,1.2,0.25,1.75,5.25,0.8,0.25,1.75
"145","Colin Castleton","76ers",22,0.73,0.86,0.91,2.86,1.59,3.77,9,7,1.4,0,8,7.8,1.9,0.1,7.36,5.27,1.73,0.09
"146","Collin Gillespie","Suns",35,0.97,0.97,1.14,2.86,1.94,4,10,3.6,3.6,2.4,6.7,3.5,3.4,1.5,5.53,2.8,2.8,1.27
"147","Collin Sexton","Jazz",193,4.49,4.46,4.73,3.73,8.95,8.46,24,2.2,4.75,3,20.11,2.9,5.33,1.78,19.09,2.07,4.91,1.64
"148","Corey Kispert","Wizards",286,2.71,3.34,2.6,2.61,6.06,5.21,10.6,2.4,1.8,1.4,10.4,2.8,2,1.7,11.8,2.93,2,2.07
"149","Cory Joseph","Magic",168,1.46,1.66,1.86,2.11,3.12,3.97,5,1.8,3,1,5.3,2.4,3,1.1,6.27,2.33,2.73,1.27
"150","Craig Porter Jr.","Cavaliers",69,1.16,1.8,0.68,2.64,2.96,3.32,2.67,0.6,1.33,0,3.29,1.1,1.43,0,2.67,0.73,1.11,0
"151","Craig Sword","Wizards",1,0,4,2,0,4,2,2,0,0.33,0,2,0,0.33,0,2,0,0.33,0
"152","D'Angelo Russell","Nets",296,4.68,4.28,3.92,3.67,8.95,7.59,13.75,2.4,6.25,2,13.75,2.2,5.88,2.12,13.58,2.13,5.08,2.08
"153","D'Moi Hodge","Lakers",4,0,0,0,3.5,0,3.5,2.67,0,1,0.67,2.33,0,0.83,0.5,2,0,0.71,0.43
"154","D.J. Augustin","Rockets",44,1.82,1.66,1.25,1.95,3.48,3.2,NA,0,NA,NA,4.5,0.1,2.5,0.5,3.43,0.47,1.71,0.86
"155","D.J. Carton","Raptors",5,0,1,0.4,1.4,1,1.8,0,0,0,0,0.43,0.2,0,0,1,0.47,0.55,0.09
"156","D.J. Wilson","76ers",4,0.5,1,3,5.5,1.5,8.5,0,0,0,0,3.2,0.4,0.6,0.4,5,1.38,0.88,0.25
"157","DaQuan Jeffries","Hornets",38,1.37,1.87,1.92,1.71,3.24,3.63,8,2.4,1.2,1.4,10.5,2.6,1.3,2,8.13,2.4,1.2,1.47
"158","Daeqwon Plowden","Hawks",2,2.5,1,3,5.5,3.5,8.5,0,0,0,0,8,0.56,0,2,8,0.56,0,2
"159","Daishen Nix","Kings",68,0.75,1.09,0.76,2.24,1.84,3,NA,0,NA,NA,0.33,0.4,1,0,0.33,0.27,1,0
"160","Dakota Mathias","Grizzlies",1,0,0,0,6,0,6,0,0,0.5,0,1,0.2,0.17,0.33,1,0.2,0.17,0.33
"161","Dalano Banton","Trail Blazers",166,1.61,1.99,1.7,2.93,3.6,4.64,11.4,3.2,4.8,1.2,6.33,1.8,3.22,0.67,6.5,2.27,2.43,0.71
"162","Dalen Terry","Bulls",118,1,1.11,0.94,1.77,2.11,2.71,4.2,3,1.6,0.6,6.6,3,1.8,0.9,5.27,2.33,1.53,0.67
"163","Dalton Knecht","Lakers",68,1.85,3.18,2.09,2.76,5.03,4.85,2.5,0.6,0,0.5,2.57,1.1,0.43,0.57,5.75,1.6,0.92,1.25
"164","Damian Jones","Cavaliers",97,1.76,1.79,1.54,2.1,3.56,3.64,0,0,0,0,0,0.2,1,0,1.25,0.13,0.5,0.25
"165","Damian Lillard","Bucks",228,6.75,6.66,7.1,5.74,13.4,12.84,11.2,2.4,4,1.4,16.6,4.3,5.7,2.2,19.47,4.13,5.27,2.67
"166","Damion Baugh","Hornets",12,1.33,1.75,1.58,3.33,3.08,4.92,8,3.4,3.6,0.8,6.6,3.3,3.7,0.7,8,3.17,3.83,0.92
"167","Damion Lee","Suns",153,1.08,2.24,1.1,3.3,3.33,4.41,4,0.6,0.5,1,3.25,0.3,0.5,0.75,2.6,0.27,0.4,0.6
"168","Damyean Dotson","Knicks",1,0,0,0,4,0,4,NA,0,NA,NA,2,0.25,0.5,0,2,0.25,0.5,0
"169","Daniel Gafford","Mavericks",291,2.89,2.62,3.09,1.85,5.5,4.93,10.5,2.2,1,0,8.33,1.4,1.33,0,9.43,3.6,1.86,0
"170","Daniel Oturu","Raptors",2,0.5,0,0,4,0.5,4,3,1.25,0,0,3,1.25,0,0,3,1.25,0,0
"171","Daniel Theis","Pelicans",150,1.7,2.07,1.79,1.38,3.77,3.17,0.67,1.8,1.67,0,4.25,4.1,2.5,0.25,5.08,4.8,1.85,0.31
"172","Danilo Gallinari","Bucks",117,2.29,3.61,1.96,1.93,5.9,3.89,3.67,1.8,0.67,0,5.5,1.3,0.5,0,3.86,1.13,0.71,0.14
"173","Danny Green","76ers",74,2.16,2,1.76,1.24,4.16,3,0,0.6,0.25,0,4.62,1.6,0.75,1.12,4.62,1.07,0.75,1.12
"174","Dante Exum","Mavericks",81,1.63,2.4,2.01,1.99,4.02,4,9.2,1.8,2.6,1.4,7.78,1.4,2.22,1.22,9,1.67,2.64,1.29
"175","Danuel House Jr.","76ers",117,1.5,1.23,1.37,1.9,2.73,3.26,5.2,2.4,1.2,0.2,5.9,2.2,0.9,0.3,5.75,1.93,0.92,0.33
"176","Dario Saric","Nuggets",111,2.38,2.4,1.8,1.85,4.77,3.65,NA,0,NA,NA,NA,0,NA,NA,NA,0,NA,NA
"177","Dariq Whitehead","Nets",10,1.1,2.3,0.6,3.5,3.4,4.1,8.25,2.4,1.75,2.25,6.86,1.5,1,1.86,5.4,1,0.7,1.5
"178","Darius Bazley","Jazz",111,2.53,2.18,2.42,1.98,4.71,4.41,7.2,4.2,1,0.2,5.33,2.8,0.78,0.22,5.33,1.87,0.78,0.22
"179","Darius Days","Rockets",3,0,0,1.67,3.33,0,5,4.33,0.8,0,1,3.75,0.6,0.25,0.75,3.75,0.6,0.25,0.75
"180","Darius Garland","Cavaliers",289,4.97,5.12,5.34,4.77,10.09,10.11,14,1.2,4,1,19.33,1.3,6.5,1.83,18,2.13,6.73,2.18
"181","Darren Collison","Lakers",2,0,1,0,1,1,1,1.33,1.33,0.67,0,1.33,1.33,0.67,0,1.33,1.33,0.67,0
"182","David Duke Jr.","Spurs",39,0.69,1.21,1.18,2.85,1.9,4.03,3.25,0.6,0.5,0.75,2.6,0.5,0.4,0.6,4.33,1,0.89,0.56
"183","David Nwaba","Rockets",39,0.64,1,1.1,3.23,1.64,4.33,2,0.4,1,0,2,0.2,1,0,5.67,0.27,1,0.67
"184","David Roddy","Rockets",136,1.55,2.26,1.26,2.75,3.81,4.01,6.75,2.4,1.25,0.75,5.4,1.2,1,0.6,4.38,1.47,0.88,0.38
"185","Davion Mitchell","Heat",280,2.19,2.19,1.99,1.91,4.38,3.89,15,2.2,6.8,1.8,13.2,2.3,6.4,1.7,11.8,2.6,5.27,1.47
"186","Davis Bertans","Hornets",123,1.09,3.2,0.9,1.93,4.29,2.84,10,1.4,0.25,2.75,10.67,1.8,0.89,2.78,9,1.4,0.71,2.21
"187","Davon Reed","Lakers",60,0.67,1.35,0.82,2.13,2.02,2.95,1,0.2,1,0,0.67,0.1,0.67,0,0.5,0.07,0.5,0
"188","Day'Ron Sharpe","Nets",173,1.97,1.45,1.61,2.11,3.41,3.72,6.8,8.4,2.4,0.2,6.3,7,1.9,0.2,7.13,7.13,2.2,0.27
"189","De'Aaron Fox","Spurs",277,5.41,6.31,6.16,6.66,11.72,12.82,19.8,4.4,7.4,1.6,17.4,4.2,6.5,1.4,19.27,4.4,6.47,1.47
"190","De'Andre Hunter","Cavaliers",256,4.25,3.59,4.38,3.14,7.84,7.52,9,3.6,0.75,1,11.67,3.2,1.33,1.56,12.29,3.13,1.29,1.86
"191","De'Anthony Melton","Warriors",200,3.06,2.6,3.05,2.17,5.66,5.22,10.2,3.4,1.8,2.2,7.75,2.1,2.25,1.62,7,1.67,2.2,1.5
"192","DeAndre Jordan","Nuggets",159,1.02,1.69,0.64,1.23,2.71,1.87,NA,0,NA,NA,1,0.7,0.5,0,1,0.73,0.25,0
"193","DeAndre' Bembry","Bucks",41,1.66,1.8,2.07,1.39,3.46,3.46,0,1,0.6,0,1.33,1.4,0.78,0,2.79,2.07,1,0.14
"194","DeJon Jarreau","Grizzlies",9,1.89,2.11,0,0.78,4,0.78,1.6,0.2,0.2,0,2.6,2.4,1.1,0.3,3.31,2.93,2,0.31
"195","DeMar DeRozan","Kings",311,5,6.23,6.01,6.85,11.23,12.86,27,4.4,4,1.6,24.9,3.6,5.1,1.5,23.93,3.87,5.4,1.33
"196","DeMarcus Cousins","Nuggets",50,2.2,3.5,1.76,2.2,5.7,3.96,10.6,3.4,1.2,0.8,9.2,3.5,1.5,0.7,8.93,4.2,1.47,0.67
"197","Dean Wade","Cavaliers",164,1.78,1.7,1.52,1.6,3.48,3.12,2,5.2,0.8,0.4,1.6,4,0.6,0.3,3.27,3.53,0.53,0.93
"198","Deandre Ayton","Trail Blazers",243,5.42,4.47,4.19,2.53,9.89,6.71,NA,0,NA,NA,NA,0,NA,NA,10.5,2.07,2,0
"199","Deividas Sirvydis","Pistons",1,0,0,0,3,0,3,1,2,0.33,0.33,1,2,0.33,0.33,1,2,0.33,0.33
"200","Dejounte Murray","Pelicans",260,5.19,5.27,5.18,5.11,10.46,10.29,20.8,6.4,6.4,1.2,20,7,6.6,2.4,19.07,6.13,7.2,1.93
"201","Delon Wright","Knicks",187,1.21,1.81,1.33,1.54,3.02,2.87,1.75,0.4,1.25,0.25,1.17,0.2,0.83,0.17,1.17,0.13,0.83,0.17
"202","Deni Avdija","Trail Blazers",289,3.48,3.12,3.1,2.64,6.6,5.74,30.67,6.4,6.67,3.67,27.25,9.1,5.88,3.88,24.45,7.67,5.73,3
"203","Dennis Schroder","Pistons",296,2.77,3.51,3.42,3.32,6.28,6.74,13.4,2.8,3.8,1.8,11.1,2.4,3.9,1.5,11.6,2.27,4.4,1.47
"204","Dennis Smith Jr.","Nets",134,1.36,2.31,1.71,2.41,3.66,4.12,0,0,0,0,3,0.3,2,0.4,4.8,1,2,0.7
"205","Denzel Valentine","Jazz",14,0.57,1.5,0.86,2,2.07,2.86,2.5,0.8,0,0.5,6,2.4,1.14,1.71,4.67,1.67,0.89,1.33
"206","Dereck Lively II","Mavericks",107,2.34,2.36,2.22,1.99,4.69,4.21,7.5,2.4,2,0,10.17,4,2.67,0,9.09,5.53,2.73,0
"207","Dereon Seabron","Pelicans",5,0.4,0.4,0,2.8,0.8,2.8,1,0.6,1,0,2.33,0.7,0.83,0.17,2.33,0.47,0.83,0.17
"208","Derrick Favors","Hawks",34,1.91,1.06,2.29,0.68,2.97,2.97,NA,0,NA,NA,NA,0,NA,NA,NA,0,NA,NA
"209","Derrick Jones Jr.","Clippers",271,2.3,1.96,2.27,1.68,4.26,3.94,8.2,1.4,0.4,1.2,8.5,1.8,0.4,0.9,9.33,2.2,0.33,0.93
"210","Derrick Rose","Grizzlies",73,2.48,2.53,1.77,2.15,5.01,3.92,5,1.4,2.5,0,6.17,1.4,2.83,0.5,7,1,3,0.57
"211","Derrick Walton Jr.","Pistons",2,1.5,1,4.5,2.5,2.5,7,6.33,3.33,7,1,6.33,3.33,7,1,6.33,3.33,7,1
"212","Derrick White","Celtics",369,3.74,3.7,3.58,3.14,7.44,6.72,20.4,4.2,2.6,4.2,17.7,5.2,3.7,3.3,18.13,5.07,4.33,3.67
"213","Desmond Bane","Grizzlies",263,5.29,4.41,5.72,4.63,9.7,10.35,18.2,6.6,3.4,2.4,18.5,5.4,3.8,2.8,19.53,5.87,4.07,3
"214","Devin Booker","Suns",285,8.23,5.13,8.45,5.07,13.36,13.52,27,3,6.6,1.4,26.3,3.6,7.4,2.2,25.4,4.2,7.07,2.27
"215","Devin Cannady","Magic",5,1.2,2.4,3,3.4,3.6,6.4,10,1.2,2,3,10,1.2,2,3,10,1.2,2,3
"216","Devin Carter","Kings",23,0.7,1.52,1.57,2.26,2.22,3.83,4.8,1.8,1.2,0.6,4.7,2,1.3,0.5,4.73,2.07,1.27,0.53
"217","Devin Vassell","Spurs",237,4.24,4.1,4.61,3.3,8.34,7.9,15,4,2.2,2.6,16.6,4.5,2.7,2.8,17.73,5.07,3.07,3.07
"218","Devon Dotson","Wizards",10,0,0.5,0.3,2.4,0.5,2.7,0,0,1,0,0.6,0.6,1.2,0.2,0.5,0.67,1.33,0.17
"219","Devontae Cacok","Spurs",11,0.73,0.73,0.18,2.55,1.45,2.73,1.33,1,0.33,0,1.5,0.6,0.25,0,2.22,1.47,0.44,0
"220","Devonte' Graham","Spurs",163,2.45,2.61,2.14,2.41,5.07,4.55,7.4,2.2,3.6,1.8,8.12,1.6,3.5,1.88,7.89,1.2,3.33,1.78
"221","Dewayne Dedmon","76ers",109,1.91,1.55,1.63,1.09,3.46,2.72,NA,0,NA,NA,0,0.1,0,0,6,0.87,2.33,0.33
"222","Dexter Dennis","Mavericks",2,0,0,2.5,8.5,0,11,9,1.4,2,0.5,5.5,1.12,1,0.25,5.5,1.12,1,0.25
"223","Didi Louzada","Trail Blazers",7,2.14,1.43,1.43,0,3.57,1.43,5.4,2.4,0.4,1.4,5,1.5,0.57,1.29,5,1,0.57,1.29
"224","Dillon Brooks","Rockets",266,4.42,3.16,3.98,2.75,7.59,6.73,11.8,3.2,1.2,1.2,13.1,2.9,1.4,1.6,14.33,3.07,2.13,1.93
"225","Dillon Jones","Thunder",29,0.59,0.66,0.86,2.48,1.24,3.34,2,0.4,0.5,0,2.8,0.6,0.6,0.4,2.12,0.47,0.5,0.38
"226","Domantas Sabonis","Kings",297,5.89,4.9,4.79,3.35,10.78,8.14,18,13.2,6.2,0.4,14.3,10.6,5.8,0.3,14.53,12.53,6.13,0.33
"227","Dominick Barlow","Hawks",66,1.18,1.24,1.06,2.06,2.42,3.12,3.5,2.4,0.5,0,4.89,2.9,0.67,0,5.3,2.13,0.8,0
"228","Donovan Clingan","Trail Blazers",54,1.59,1.41,2.11,1.8,3,3.91,8.75,6.6,1.75,0.5,8.78,9.2,1.89,0.44,7.79,9.07,1.86,0.29
"229","Donovan Mitchell","Cavaliers",289,7.27,5.69,6.97,6.04,12.96,13.01,34.2,5.8,3.8,2.4,28.5,4.8,4.1,2.9,25.6,5,5.2,2.6
"230","Donovan Williams","Hawks",1,0,0,0,4,0,4,2,0.5,0,0,2,0.5,0,0,2,0.5,0,0
"231","Donte DiVincenzo","Timberwolves",280,3,3.01,3.15,2.96,6.01,6.11,10,2.8,3,2.8,9,2.7,3.3,2.2,8.67,3.07,3.33,1.87
"232","Dorian Finney-Smith","Lakers",291,2.51,2.07,2.93,1.97,4.57,4.9,6.2,4.2,2.6,1.4,8.9,3.9,2,2.5,9.29,3.6,2.07,2.43
"233","Doug McDermott","Kings",182,2.55,2.59,1.79,2.43,5.14,4.22,2.67,0.2,0,0.67,2.67,0.1,0,0.67,1.6,0.07,0,0.4
"234","Draymond Green","Warriors",277,2.45,2.17,2.36,1.64,4.63,3.99,10.6,5.4,4.6,1.6,9.7,5.5,4.2,1.4,8.07,5.4,4.33,1.2
"235","Drew Eubanks","Clippers",250,1.86,1.7,1.82,1.48,3.56,3.3,1.33,0.2,0,0,0.83,0.5,0.17,0,2,1.07,0.33,0
"236","Drew Peterson","Celtics",12,0.08,0.67,0.25,3.58,0.75,3.83,1,1,0.67,0.33,1.29,0.6,0.71,0.43,1,0.6,0.56,0.33
"237","Drew Timme","Nets",4,3.75,3.25,4,3.75,7,7.75,14.75,8,2,0.75,14.75,8,2,0.75,14.75,8,2,0.75
"238","Dru Smith","Heat",27,0.93,1.67,1.07,2.67,2.59,3.74,8.8,1.6,2,1.4,8.11,2.3,2,1.56,8.3,1.93,2.1,1.6
"239","Duane Washington Jr.","Knicks",67,1.61,3.85,1.84,3.4,5.46,5.24,0,0,0,0,2,0.3,0.4,0.4,3.89,0.53,1.78,0.67
"240","Duncan Robinson","Heat",273,3,3.09,2.41,2.84,6.1,5.26,5,1.2,0.4,1.2,8.88,1,0.62,2.12,9.85,1.13,0.69,2.46
"241","Duop Reath","Trail Blazers",90,2.21,2.22,2.09,2.33,4.43,4.42,8.5,3.8,1.5,1,8.78,4.2,1.33,1.44,8,4,1.21,1.43
"242","Dwight Howard","Lakers",53,2.09,2.45,1.72,0.75,4.55,2.47,12.25,6.8,1.25,0.25,12,7,0.67,0.22,9.46,6.13,0.69,0.15
"243","Dwight Powell","Mavericks",237,2,1.61,2.03,1.08,3.6,3.11,1.6,2,0.8,0,3.1,2.4,1.5,0,2.87,2.47,1.53,0
"244","Dylan Windler","Hawks",32,0.31,2.09,0.5,2.03,2.41,2.53,5.75,1.4,0.25,1.75,4.67,1.2,0.5,1.33,4,0.8,0.57,1.14
"245","Dyson Daniels","Hawks",169,2.51,2.27,2.5,2,4.79,4.5,14.2,8.6,5,0.4,13.4,8.1,5.3,0.7,14.13,7.4,5.33,0.87
"246","E.J. Liddell","Bulls",6,0.33,0.67,0.33,2.83,1,3.17,1.5,0.8,0,0,1.2,0.4,0,0,1.86,0.6,0.29,0.14
"247","Ed Davis","Cavaliers",7,1.57,1.14,0.71,0.57,2.71,1.29,0,0,0,0,0,0.3,0.25,0,0,0.27,0.17,0
"248","Edmond Sumner","Nets",45,2.58,2.47,1.4,1.96,5.04,3.36,0.5,0.4,0.5,0,2.4,0.4,0.2,0,3.86,0.4,0.14,0.29
"249","Elfrid Payton","Pelicans",45,1.02,1.29,0.91,1.53,2.31,2.44,1.75,3.6,8.5,0,1.12,2.6,5.38,0,1.18,2.07,5,0
"250","Elijah Harkless","Jazz",7,0,1.86,0.43,2.29,1.86,2.71,NA,0,NA,NA,0,0,0,0,3.33,0.8,0.83,0.67
"251","Elijah Hughes","Trail Blazers",23,0.7,1.61,1.22,1.96,2.3,3.17,4.75,1.6,0.75,0.75,4.25,1.6,1,0.62,4.5,1.27,0.83,0.75
"252","Emanuel Miller","Bulls",1,0,0,0,4,0,4,1,0.6,0.5,0,0.8,0.3,0.4,0,0.8,0.27,0.4,0
"253","Emmanuel Mudiay","Kings",1,0,0,0,3,0,3,1.5,0,2,0,1.5,0,2,0,1.5,0,2,0
"254","Emoni Bates","Cavaliers",10,0.8,0.5,0,3.7,1.3,3.7,2.25,0,1,0.75,1.29,0,0.86,0.43,1.12,0,0.75,0.38
"255","Enes Freedom","Celtics",24,0.75,1.92,0.62,2.04,2.67,2.67,3,2.6,0.67,0.33,1.5,1.8,0.33,0.17,1.91,2.07,0.36,0.09
"256","Enrique Freeman","Pacers",13,0.31,0.38,0.92,1.31,0.69,2.23,2,0.6,0,0,2,0.3,0,0,2.33,0.67,0.33,0
"257","Eric Bledsoe","Trail Blazers",52,2.21,2.81,3.04,2.17,5.02,5.21,NA,0,NA,NA,11,1.9,4.2,0.8,9.4,1.8,4.3,1
"258","Eric Gordon","76ers",227,3.33,3.44,2.86,2.25,6.78,5.11,1.67,1.2,2.67,0.33,9,1.2,2.38,2.12,9.15,1.2,2.77,2.23
"259","Eric Paschall","Jazz",50,1.28,2.2,1.4,1.96,3.48,3.36,2,1,0,0.25,3,0.7,0,0.17,4.1,0.8,0.1,0.4
"260","Eugene Omoruyi","Raptors",72,1.24,1.43,1.46,2.71,2.67,4.17,0,0,0,0,5.44,1.1,0.78,0.78,4.67,1.07,0.83,0.58
"261","Evan Fournier","Pistons",127,3.94,2.58,3.44,1.79,6.52,5.23,11.25,1.8,1.5,1,6.67,1.5,1.33,0.78,6.5,1.53,1.79,0.71
"262","Evan Mobley","Cavaliers",291,4.62,3.78,4.2,3.56,8.4,7.76,18,7.8,1.75,1.5,17,7.5,1.67,1.67,18.14,8.07,2.43,1.71
"263","Facundo Campazzo","Mavericks",51,1.27,1.98,1.14,2.31,3.25,3.45,1,0,0.25,0.25,1.17,0.2,1,0.33,1.17,0.13,1,0.33
"264","Filip Petrusev","Kings",1,0,0,0,3,0,3,3,0,0,0,1,0,0,0,0.75,0.08,0,0
"265","Frank Jackson","Jazz",51,2.1,3.73,2.04,3.12,5.82,5.16,0,0.4,1,0,11.17,1.5,1.5,1.33,8.9,1.33,1.4,0.9
"266","Frank Kaminsky","Rockets",26,1.5,1.96,1.19,2.42,3.46,3.62,4.5,1.4,2,0.5,3,0.7,1.33,0.33,2.25,0.47,1,0.25
"267","Frank Ntilikina","Hornets",76,1.08,1.36,1,1.87,2.43,2.87,0,0.6,1.5,0,1,0.5,0.6,0.2,0.83,0.4,0.67,0.17
"268","Franz Wagner","Magic",297,4.54,4.69,4.94,4.92,9.23,9.86,25.8,4.8,5.6,1.4,22.9,5.9,4.9,1.4,22.33,6.2,4.8,1.27
"269","Fred VanVleet","Rockets",274,5.15,3.72,5.26,3.65,8.86,8.91,22.8,4.4,4.4,4.8,17.5,3.1,4.3,3.8,15.87,3.8,4.33,3.4
"270","Freddie Gillespie","Magic",6,1.33,0.83,0.67,0.67,2.17,1.33,1.5,2.6,1,0,2.33,3.6,0.56,0,2.33,3.6,0.56,0
"271","Furkan Korkmaz","76ers",110,1.37,1.79,1.24,2.57,3.16,3.81,6.8,2.6,1.2,1.4,4.3,2,1.4,0.8,3.43,1.33,1.07,0.64
"272","GG Jackson","Grizzlies",66,3.06,3.29,3.53,3.71,6.35,7.24,NA,0,NA,NA,5.5,0.4,0,1,6,1.4,0.57,1
"273","Gabe Vincent","Lakers",236,2.27,2.22,2.26,2.24,4.49,4.5,2.8,1,1,0.8,5.4,1.3,1.2,1.5,6.73,1.4,1.27,1.93
"274","Gabe York","Pacers",5,2,1.2,1,2.2,3.2,3.2,6.4,1.6,1.8,1.4,6.4,1.6,1.8,1.4,6.4,1.6,1.8,1.4
"275","Gabriel Deck","Thunder",4,1.25,0.5,0.5,2.75,1.75,3.25,5,0.2,2,1,5,0.1,2,1,4.5,0.2,2,0.5
"276","Gabriel Lundberg","Suns",2,0,2.5,1,3,2.5,4,3.25,1.4,2.75,0.75,3.25,1,2.75,0.75,3.25,1,2.75,0.75
"277","Garrett Temple","Raptors",89,1.11,1.3,1.11,1.99,2.42,3.1,5.67,1.6,1.33,0.33,4.71,1.8,2.57,0.57,4.12,1.27,2.25,0.5
"278","Garrison Mathews","Hawks",193,1.6,2.69,1.77,2.12,4.28,3.89,NA,0,NA,NA,6,0.2,1,2,6,0.13,1,2
"279","Gary Clark","Pelicans",20,0.7,1.2,1.35,1.8,1.9,3.15,4.25,2,1,1,4.25,1,1,1,3.33,0.73,0.83,0.83
"280","Gary Harris","Magic",185,2.7,2.17,2.38,1.39,4.88,3.78,1.4,1,0.6,0.2,2.5,1,0.5,0.5,2,1.2,0.47,0.4
"281","Gary Payton II","Warriors",206,2.04,1.59,1.79,1.67,3.63,3.46,2.6,2,1.2,0.6,4.89,2,1.56,0.89,5.79,2.27,1.43,0.93
"282","Gary Trent Jr.","Bucks",281,4.02,3.91,3.91,3.48,7.93,7.4,18.8,2.2,1.2,4.4,15.6,2.1,1.4,3.6,15.33,2,1.53,3.53
"283","George Hill","Pacers",83,1.43,2.05,1.77,1.63,3.48,3.4,13,0.8,4,3,5.6,0.6,2.2,1.2,5.56,1.13,2.33,1.11
"284","George King","Mavericks",1,0,1,0,0,1,0,0.25,1,0,0,0.25,1,0,0,0.25,1,0,0
"285","Georges Niang","Hawks",315,1.96,2.42,2.4,2.59,4.38,4.99,9.8,1.6,1,1.8,9.5,1.7,0.9,2,10.87,2.53,1.4,2.13
"286","Georgios Kalaitzakis","Thunder",7,2.43,1.29,4.43,4.14,3.71,8.57,17.5,2.6,3,2,9.75,1.6,1.5,1.12,9.75,1.07,1.5,1.12
"287","Giannis Antetokounmpo","Bucks",288,7.69,6.55,9.08,6.83,14.24,15.91,33,15.4,6.6,0.2,31.7,13,7.6,0.4,29,12.67,7.73,0.27
"288","Goga Bitadze","Magic",177,2.31,1.8,1.73,1.56,4.11,3.29,0.67,0.6,0.33,0,4.14,2.7,1.57,0,4.5,2.8,1.42,0
"289","Goran Dragic","Bucks",76,1.68,2.8,1.37,1.66,4.49,3.03,2,0,0.5,0,5.67,1,1.5,0.67,4.78,0.8,1.44,0.78
"290","Gordon Hayward","Thunder",143,3.95,3.7,3.76,2.59,7.65,6.36,0,0.6,0.5,0,0,1.3,0.43,0,3.42,1.73,0.75,0.17
"291","Gorgui Dieng","Spurs",58,0.79,0.86,0.91,2.28,1.66,3.19,8.33,4.4,3.33,1,7.67,3.9,3,1.5,5.78,3.33,2.56,1
"292","Gradey Dick","Raptors",103,3.43,3.2,3.16,2.67,6.63,5.83,9.2,4.4,1.8,2,9.1,4.6,1.2,1.7,10.6,4.47,1,1.67
"293","Grant Williams","Hornets",266,2.23,2.27,2.29,2.46,4.49,4.76,NA,0,NA,NA,NA,0,NA,NA,NA,0,NA,NA
"294","Grayson Allen","Suns",284,3.31,2.89,2.88,2.46,6.2,5.34,14.8,3.6,2.8,2.8,11.5,2.5,2.7,2.2,11.2,2.47,2.73,2.2
"295","Greg Brown III","Mavericks",51,1,0.98,1.02,2.25,1.98,3.27,2.33,0.4,0.33,0.33,2.14,0.9,0.57,0.14,1.67,0.67,0.67,0.11
"296","Greg Monroe","Timberwolves",13,0.85,1.62,1.08,2.62,2.46,3.69,2,0.4,0.5,0,4.25,0.8,1.5,0,4,1.13,1.29,0
"297","Guerschon Yabusele","76ers",61,3.15,2.85,3.31,1.75,6,5.07,11.67,3.6,3.33,1,10.17,4.2,2.83,1,10,4.27,2.64,1.27
"298","Gui Santos","Warriors",55,0.96,1.38,0.98,2.38,2.35,3.36,2.25,1.6,1,0.25,2.25,1,0.88,0.38,2.77,1.6,0.92,0.38
"299","Hamidou Diallo","Wizards",112,2.14,2.86,2.86,2.45,5,5.3,0.5,0.4,0.25,0,0.5,0.2,0.25,0,8.38,1.4,1,0
"300","Harrison Barnes","Spurs",319,4.1,3.28,4.09,2.61,7.38,6.69,16,4.2,1,3,14.1,3.3,1.4,2.4,14.73,3.27,1.13,2.47
"301","Harrison Ingram","Spurs",2,0,0,0,2,0,2,1.33,1.4,1,0,0.8,0.9,0.6,0,0.8,0.9,0.6,0
"302","Harry Giles III","Lakers",11,0,0.18,0.36,4.55,0.18,4.91,0,0.4,0,0,0.4,0.3,0,0,0.22,0.27,0,0
"303","Hassan Whiteside","Jazz",68,2.15,2.29,1.88,1.69,4.44,3.57,1.6,4.6,0,0,5.8,6.6,0.4,0,5.14,5.53,0.29,0
"304","Hassani Gravett","Magic",8,1.62,1.62,2,1,3.25,3,6,1.8,2.25,1.25,6.25,2.33,2.5,1.38,6.25,2.33,2.5,1.38
"305","Haywood Highsmith","Heat",175,1.69,2.14,1.73,1.58,3.83,3.3,6.8,2.8,1,1.6,8.5,3.4,1.6,2.1,6.43,2.8,1.57,1.57
"306","Henri Drell","Bulls",2,1.5,0,0,4,1.5,4,3,0.6,0.67,0.67,2.75,0.4,1,0.5,2.75,0.27,1,0.5
"307","Herbert Jones","Pelicans",251,2.69,2.37,2.92,2.33,5.06,5.25,NA,0,NA,NA,7,1,2.33,1,8.88,2,4,0.88
"308","Hunter Tyson","Nuggets",35,0.23,0.43,0.57,2.97,0.66,3.54,4.33,1.6,0.67,0.33,3,0.8,0.4,0.2,2.57,0.73,0.43,0.29
"309","Ibou Badji","Trail Blazers",11,0.55,0.82,0.18,1.55,1.36,1.73,2,0,0,0,1.67,0.3,0,0,1.25,0.2,0,0
"310","Ignas Brazdeikis","Magic",28,0.57,2.43,1.5,3,3,4.5,14.6,4.4,2,2,12.38,2.9,1.5,1.62,10.09,2.13,1.27,1.36
"311","Immanuel Quickley","Raptors",258,2.99,3.92,3.26,4.55,6.91,7.81,17.67,2.4,8,2.67,20.33,2.8,6.67,3.17,19.27,3.13,6,2.55
"312","Isaac Bonga","Raptors",7,0.71,0,0.14,1.14,0.71,1.29,NA,0,NA,NA,1,0.1,0.33,0,0.75,0.07,0.25,0
"313","Isaac Jones","Kings",24,1.12,0.92,0.54,2.62,2.04,3.17,2,1,0.5,0,2,0.9,0.25,0,3.09,0.93,0.36,0.09
"314","Isaac Okoro","Cavaliers",270,2.33,1.97,2.26,1.38,4.31,3.63,4.6,1.2,0.6,0.4,5.6,1.6,0.6,0.9,5.93,1.87,0.6,0.93
"315","Isaiah Collier","Jazz",57,1.63,2.07,2.82,2.65,3.7,5.47,13.5,2.2,7,1,12,3.3,6.67,0.67,12,3.47,6.57,0.43
"316","Isaiah Crawford","Kings",6,0,0,0.17,2,0,2.17,0.25,0,0,0,1,0.3,0,0.12,1.18,0.47,0,0.09
"317","Isaiah Hartenstein","Thunder",311,1.92,2.14,1.78,2.13,4.05,3.91,5.4,6,2.4,0,5.5,6.4,1.8,0,7.07,6.47,1.53,0
"318","Isaiah Jackson","Pacers",156,2.08,1.89,1.64,2.31,3.97,3.96,NA,0,NA,NA,NA,0,NA,NA,8,0.87,0.5,0
"319","Isaiah Joe","Thunder",269,2.1,2.58,2.07,2.12,4.68,4.19,5.67,0.4,0.33,1.33,5.25,0.7,0.12,1.12,4.31,1.2,0.31,0.85
"320","Isaiah Livers","Wizards",81,1.48,2.07,1.63,1.93,3.56,3.56,3,0,1,1,6.33,1.5,1,1.17,5.78,1.13,1,1.11
"321","Isaiah Mobley","Cavaliers",13,0.38,0.69,0.85,2.23,1.08,3.08,3.67,0.8,0,0.33,2.57,0.8,0.29,0.29,2.62,0.53,0.38,0.38
"322","Isaiah Roby","Spurs",72,2.71,1.57,2.1,2.22,4.28,4.32,4.6,3.6,0.8,0.2,5.11,2.8,0.78,0.44,4.9,2.07,0.7,0.4
"323","Isaiah Stewart","Pistons",229,2.67,2.1,2.36,1.8,4.77,4.16,NA,0,NA,NA,6,3.2,2,0.2,6.2,3.73,1.9,0.2
"324","Isaiah Thomas","Suns",25,0.48,3.32,1.24,2.76,3.8,4,1.5,0,0.5,0.5,0.75,0,0.25,0.25,1.33,0,0.33,0.33
"325","Isaiah Todd","Wizards",8,0,0.38,0,3.25,0.38,3.25,3.5,2.4,2,0.5,2.33,1.2,1.33,0.33,1.8,0.8,0.8,0.2
"326","Isaiah Wong","Hornets",19,1.11,1.05,2.26,2,2.16,4.26,8.25,0.4,1.25,1.25,6.12,0.8,1.12,1.12,5.92,0.87,1,0.75
"327","Ish Smith","Hornets",109,1.5,1.38,1.21,1.96,2.87,3.17,2.6,1.6,3.4,0.2,1.8,2,4.1,0.2,2.07,1.73,3.5,0.14
"328","Ish Wainright","Suns",71,0.42,1.21,0.93,3.04,1.63,3.97,0,0,0,0,0.75,0.5,0.25,0.25,2.5,0.87,0.12,0.75
"329","Ivica Zubac","Clippers",310,3.64,3,3.86,1.8,6.63,5.66,17,9.2,2,0,18,11.2,2.2,0,19.2,11.8,2.6,0
"330","Izaiah Brockington","Pelicans",1,0,0,0,4,0,4,0,0,0,0,0.5,0.22,0,0,0.5,0.22,0,0
"331","JD Davison","Celtics",18,0.11,0.33,0,2.72,0.44,2.72,2,0,0.5,0.5,1.33,0.2,1,0.33,1.67,0.4,0.67,0.17
"332","JT Thor","Wizards",128,0.95,1.1,1.02,1.52,2.05,2.53,4,3.6,0,0.2,3.44,2.6,0.44,0.22,3.1,1.73,0.4,0.2
"333","Ja Morant","Grizzlies",194,6.76,5.47,7.97,4.98,12.24,12.95,19.6,2.2,4.8,1.4,25.6,3.6,6.2,2.2,26.47,3.67,6.73,1.93
"334","Ja'Kobe Walter","Raptors",42,2.4,2.29,1.48,2.62,4.69,4.1,14,3.4,2,2.75,9.44,4,1.22,1.33,9,3.87,1.07,1.36
"335","JaMychal Green","Warriors",120,1.76,2.12,1.54,1.59,3.88,3.13,5.67,0.2,0.67,1,4.6,0.2,0.4,1,3.12,0.4,0.5,0.62
"336","JaVale McGee","Kings",154,1.75,2.09,1.34,2.13,3.84,3.47,5.5,1.4,1,0,2.75,0.9,0.5,0,1.83,0.73,0.33,0
"337","Jabari Parker","Celtics",9,2.44,1.33,0.56,1.56,3.78,2.11,0,0.6,0,0,3.2,1.1,0.4,0.6,3.57,1.2,0.43,0.57
"338","Jabari Smith Jr.","Rockets",212,3.35,3.19,3.66,2.58,6.54,6.24,7.2,3.2,0.8,1.6,8.78,4.6,0.67,1.44,11.29,5.33,1,1.64
"339","Jabari Walker","Trail Blazers",147,1.36,1.96,1.93,2.39,3.32,4.32,7.6,3.4,0.2,0.8,8.9,4.6,0.3,1.5,8.8,4.93,0.87,1.07
"340","Jack McVeigh","Rockets",4,0,0,0,3.5,0,3.5,3,0.2,0,1,3,0.1,0,1,2.2,0.2,0.2,0.6
"341","Jack White","Grizzlies",6,0,0,0.5,4,0,4.5,1.6,4,0.4,0.4,1.6,2,0.4,0.4,2.14,1.47,0.71,0.57
"342","Jackson Rowe","Warriors",5,0.6,0,0,3.8,0.6,3.8,6,0.8,0.5,0.5,3.67,1.22,0.67,0.5,3.67,1.22,0.67,0.5
"343","Jacob Gilyard","Nets",26,2.19,1.58,1.46,1.54,3.77,3,0,0.6,1.5,0,3.25,1,2.88,1,5.15,1.13,3.46,1.54
"344","Jacob Toppin","Knicks",5,0,0,0,3.8,0,3.8,0,0.4,0,0,0,0.2,0,0,0.57,0.47,0,0
"345","Jaden Hardy","Mavericks",160,1.37,2.27,1.92,3.49,3.64,5.41,6.2,0.8,0.2,1.4,9.17,0.6,0.5,1.67,9.88,0.6,1.12,2
"346","Jaden Ivey","Pistons",181,4.29,3.89,4.15,3.66,8.18,7.81,19.2,4.2,3,3.2,16.62,3,2.88,2.62,17,3,3.69,2.54
"347","Jaden McDaniels","Timberwolves",327,3.13,2.88,3.1,2.35,6.01,5.46,13.2,4.6,2,2.2,13.3,5.2,1.6,1.5,14.67,5.6,1.53,1.4
"348","Jaden Springer","Jazz",65,0.57,0.77,0.6,2.77,1.34,3.37,4,1.6,1.33,0.67,4.5,0.9,1.75,0.5,3.75,0.93,1.75,0.5
"349","Jae Crowder","Kings",149,2.11,2.53,2.07,1.52,4.64,3.58,0,0.2,1,0,0,0.1,1,0,0,0.07,1,0
"350","Jae'Sean Tate","Rockets",195,2.3,2.42,1.97,1.68,4.72,3.65,NA,0,NA,NA,0,0,0,0,4,1.07,0.75,0.5
"351","Jahmi'us Ramsey","Raptors",20,0.4,0.85,0.95,3.15,1.25,4.1,8.2,2.6,1.4,1.2,6.71,2.2,1.14,0.86,6.78,1.73,1.22,0.89
"352","Jahmir Young","Bulls",2,2,0,0,1.5,2,1.5,1.75,0.4,0.5,0.25,1.4,0.38,0.6,0.2,1.4,0.38,0.6,0.2
"353","Jaime Jaquez Jr.","Heat",139,2.41,2.94,2.51,2.88,5.35,5.39,1,0.8,0.25,0,3,1.6,1.38,0.25,5.08,2.8,2,0.38
"354","Jake LaRavia","Kings",109,1.8,2.56,1.68,2.49,4.36,4.17,9.8,2.4,1,1.6,9,3.6,1.4,1.6,6.2,3.13,1.27,1.13
"355","Jake Layman","Timberwolves",18,0.5,0.28,0.67,3.06,0.78,3.72,NA,0,NA,NA,10,0.3,0,1,5.25,0.27,0.25,0.75
"356","Jakob Poeltl","Raptors",245,3.53,3.27,3.28,2.69,6.8,5.98,16.33,4.2,2.33,0.33,16,3.8,2.67,0.17,14.67,3.87,2.67,0.11
"357","Jalen Bridges","Suns",3,0,0,0,2.33,0,2.33,2,0,0,0.67,1.17,0.33,0,0.33,1.17,0.33,0,0.33
"358","Jalen Brunson","Knicks",349,6.32,5.57,6.67,5.44,11.89,12.11,28.2,2.8,5.8,2.8,29.5,3.1,6.5,2.6,28.6,3.33,6.8,2.73
"359","Jalen Duren","Pistons",200,3.16,2.9,3,2.5,6.06,5.5,12.8,11.6,3.6,0,11.7,10.9,3.6,0,12.33,10.67,3.07,0
"360","Jalen Green","Rockets",306,5.96,4.31,6.11,3.44,10.26,9.56,9.6,5.2,2.4,1,14.2,5.3,3.4,2.1,17,5.73,3.87,2.53
"361","Jalen Hood-Schifino","76ers",20,0.75,0.85,0.5,2.5,1.6,3,3.6,1.8,3.6,0.4,6,1.8,2.56,1,5.27,1.27,2.18,0.82
"362","Jalen Johnson","Hawks",169,3.03,3.64,2.68,2.73,6.67,5.41,NA,0,NA,NA,10,1,2.5,0,12.8,2.87,2.6,0.2
"363","Jalen McDaniels","Wizards",164,1.84,2.04,1.6,2.35,3.87,3.95,1.4,0.4,0.6,0.2,2.11,0.7,0.78,0.11,3.54,1.27,1,0.08
"364","Jalen Pickett","Nuggets",48,0.77,0.5,0.67,2.44,1.27,3.1,6,0.4,2,2,2.25,0.5,0.75,0.75,1.44,0.6,0.78,0.33
"365","Jalen Slawson","Kings",3,0,0,0,2.67,0,2.67,0.67,0,0,0,0.67,0.2,0,0,0.57,0.2,0,0
"366","Jalen Smith","Bulls",227,2.63,2.72,2.38,2.02,5.34,4.4,4.75,2.6,0.75,0.25,3.8,1.4,1,0.2,4.29,1.6,1,0.29
"367","Jalen Suggs","Magic",214,3.73,2.64,3.57,2.6,6.37,6.17,8,0.4,3,2,14.6,1.4,2.4,2.2,15.11,2.27,3.44,1.78
"368","Jalen Williams","Thunder",248,3.69,5.13,4,5.34,8.83,9.34,25.8,5.2,3,1.2,23.1,5,3.8,1.7,21.6,5.93,4.6,1.6
"369","Jalen Wilson","Nets",107,1.98,2.34,1.83,2.14,4.32,3.97,14,5.2,2.25,3.25,9.56,3.3,1.78,2.11,9.14,2.67,1.43,1.93
"370","Jamal Cain","Pelicans",52,0.92,1.62,0.87,2.9,2.54,3.77,9.4,3.4,0.6,1.2,7,2.2,1,1,5.33,1.67,0.75,0.83
"371","Jamal Murray","Nuggets",233,5.32,5.62,5.42,4.78,10.94,10.2,22,4.2,5,2,22.5,4.9,4.9,2.5,21.33,4.87,5.33,2.33
"372","Jamal Shead","Raptors",60,1.43,1.98,2.18,1.6,3.42,3.78,8.2,1.8,6.4,1,8.6,2.2,5.8,1.3,7.93,2,5.2,1.13
"373","Jamaree Bouyea","Bucks",10,0.7,0.9,1,1.2,1.6,2.2,2,0,1,0,3.25,0.9,1,0.25,2.17,0.67,0.67,0.17
"374","James Bouknight","Hornets",52,1.06,2.08,1.35,2.88,3.13,4.23,1.67,0,0,0.33,2,0,0,0.4,2.43,0,0,0.57
"375","James Ennis III","Nuggets",6,0.67,0,0.5,3.67,0.67,4.17,1.33,0.4,1,0,4.33,0.8,0.5,0.33,4.14,1,0.43,0.43
"376","James Harden","Clippers",302,5.55,5.68,4.8,4.08,11.22,8.88,16.2,5.8,9.2,1.6,20.5,6.2,9.5,2.6,22.13,6.4,9.73,2.87
"377","James Johnson","Pacers",75,1.11,1.33,1.15,1.95,2.44,3.09,0,0,0,0,0.67,0,0,0,1,0,0.5,0
"378","James Wiseman","Pacers",98,2.64,1.84,2.18,2.54,4.48,4.72,9.4,8,1.4,0,7,6.5,0.9,0,9.47,7.27,1,0
"379","Jamison Battle","Raptors",41,1.56,2.12,1.88,2.34,3.68,4.22,11.2,3.2,1.6,2.8,9.9,4.3,1,2.5,9.54,3.27,0.85,2.46
"380","Jamorko Pickett","Pistons",8,0.75,3.38,0.75,1.38,4.12,2.12,9.67,3.2,1.33,2.67,7.4,1.9,1,2,6.71,1.53,0.86,1.71
"381","Jarace Walker","Pacers",87,0.97,1.76,0.93,2.8,2.72,3.74,NA,0,NA,NA,4,0.2,0,1,3,0.2,0.5,0.5
"382","Jared Butler","76ers",108,1.11,1.84,1.43,3.69,2.95,5.12,12.4,2.8,6.4,2,12.4,2.8,6,1.7,11.07,2.67,5.4,1.6
"383","Jared Harper","Pelicans",4,0,0,1.75,7.5,0,9.25,10,0.2,3.67,1.33,7.4,0.22,2.8,1,7.4,0.22,2.8,1
"384","Jared McCain","76ers",22,2.77,3.5,4.45,5.18,6.27,9.64,11.75,2,3,2,14.89,2.6,2.44,2.11,18.57,2.53,3.36,2.93
"385","Jared Rhoden","Raptors",31,1.65,2.03,0.71,2.61,3.68,3.32,13.5,3,1.75,2,10.62,2.6,1,1.12,7.73,1.87,0.73,0.82
"386","Jaren Jackson Jr.","Grizzlies",300,4.74,4.84,4.87,5,9.58,9.87,16.4,5.2,2,1.4,18.7,4.5,1.9,2,18.67,4.27,1.73,1.93
"387","Jarred Vanderbilt","Lakers",219,1.84,1.91,2.08,1.13,3.75,3.21,1.4,3.8,1,0,3.9,4.6,0.9,0,3.64,3.6,0.79,0
"388","Jarrell Brantley","Jazz",3,1,3,1,2.33,4,3.33,5.5,1.2,0.75,1,5.5,1,0.75,1,5.5,1,0.75,1
"389","Jarrett Allen","Cavaliers",294,4.72,3.75,3.8,2.62,8.48,6.42,12.8,7,1.4,0,13.2,8.9,1.4,0,13.73,8.6,1.6,0
"390","Jarrett Culver","Hawks",39,0.49,0.85,0.44,2.87,1.33,3.31,3,1.2,0.33,0,5.38,3.7,0.75,0.12,4.78,2.47,0.67,0.11
"391","Jarron Cumberland","Trail Blazers",1,0,0,0,2,0,2,0.67,1,0.33,0,0.67,1,0.33,0,0.67,1,0.33,0
"392","Jason Preston","Jazz",13,0.85,0.31,0.92,2,1.15,2.92,1,1.2,1.5,0,2.67,1,3,0,2,1.07,2.67,0
"393","Javon Freeman-Liberty","Raptors",17,2.65,2.41,1.12,2.82,5.06,3.94,8.8,3.6,2.2,0.8,9.4,4.2,2.3,0.8,8.47,3.87,2.2,0.53
"394","Javonte Green","Cavaliers",160,2.15,1.67,1.64,1.51,3.82,3.14,0.67,0.8,0.33,0,2.43,1.1,0.29,0.14,2.3,1.4,0.4,0.3
"395","Javonte Smart","76ers",7,1.71,2.14,1.71,1.71,3.86,3.43,6.67,1,0.67,1.33,4,0.5,0.4,0.8,2.86,0.4,0.43,0.57
"396","Jaxson Hayes","Lakers",217,1.83,2.02,1.65,1.82,3.85,3.47,1.75,1.6,0.25,0,5.44,3.3,0.44,0,7.29,4.4,1.07,0
"397","Jay Huff","Grizzlies",60,1.58,2.03,1.73,2.72,3.62,4.45,4,0.6,0.5,0,3.8,0.5,0.4,0.6,4.67,0.73,0.44,0.78
"398","Jay Scrubb","Magic",12,0.25,0.17,0.17,4.58,0.42,4.75,6.5,1.2,0.5,1,3.83,1.1,0.33,0.5,3.86,0.93,0.29,0.43
"399","Jaylen Brown","Celtics",340,6.89,5.61,6.2,4.7,12.51,10.9,21,6.6,5.2,2.4,22.7,7.3,4.1,2.1,19.07,6.2,3.73,1.67
"400","Jaylen Clark","Timberwolves",29,0.9,1.62,1.66,1.31,2.52,2.97,3,1.2,0.33,0,2.25,0.7,0.25,0,2.2,0.47,0.2,0
"401","Jaylen Hoard","Thunder",6,4.67,4.5,3.83,4.17,9.17,8,18.4,12.4,2.8,1.6,14.71,10.5,2.43,1.29,14.71,10.5,2.43,1.29
"402","Jaylen Martin","Wizards",6,1.33,0.67,1.5,4.33,2,5.83,7.8,4.2,1.8,0.6,6.29,2.4,1.29,0.57,5.5,1.73,1.12,0.5
"403","Jaylen Morris","Spurs",2,0,0,0,1,0,1,0.67,0.4,0.67,0,0.67,0.4,0.67,0,0.67,0.4,0.67,0
"404","Jaylen Nowell","Wizards",142,1.99,3.06,2.34,2.56,5.05,4.9,0,0,0,0,5.75,1.8,2,0.62,5.92,1.47,1.5,0.67
"405","Jaylen Sims","Hornets",3,0,2,0.67,3.67,2,4.33,6.33,0.33,1.67,1,6.33,0.33,1.67,1,6.33,0.33,1.67,1
"406","Jaylen Wells","Grizzlies",76,2.88,2.34,3.03,1.99,5.22,5.01,7,4,1.6,1,6.9,3.2,1.4,1,6.67,3.8,1.73,1.07
"407","Jaylin Williams","Thunder",157,1.87,1.43,1.52,0.99,3.3,2.51,3.5,1,0.5,1,2,1.2,1,0.5,2.44,1.4,1.22,0.44
"408","Jaylon Tyson","Cavaliers",27,0.52,1.3,0.44,3.67,1.81,4.11,11,0.4,3,2,6.2,1.2,1.6,1.2,5.14,0.93,1.14,1
"409","Jayson Tatum","Celtics",367,7.05,6.95,7.57,5.48,13.99,13.05,27,11,6.4,4.2,26.78,10,5.67,3.56,26.77,8.73,6,3.23
"410","Jazian Gortman","Mavericks",7,1,0,0.43,2,1,2.43,1.5,0,0.5,0.5,1.33,0.2,0.5,0.17,1.45,0.27,0.55,0.18
"411","Jeff Dowtin Jr.","76ers",55,1.11,1.65,1.07,2.47,2.76,3.55,14.2,2.6,3,1.2,12.4,2.3,2.5,1.5,9.5,1.8,2.43,1.14
"412","Jeff Green","Rockets",244,2.12,2.62,1.71,1.59,4.74,3.3,1.5,0,0,0.5,2.25,0.4,1.25,0.5,1.86,0.6,1.14,0.29
"413","Jemerrio Jones","Lakers",2,0,1,0,1,1,1,2,0.6,0,0,2,0.6,0,0,2,0.6,0,0
"414","Jerami Grant","Trail Blazers",211,5.09,4.92,5.35,3.45,10,8.8,NA,0,NA,NA,NA,0,NA,NA,14.5,0.47,0.5,3
"415","Jeremiah Robinson-Earl","Pelicans",155,1.74,1.65,1.77,2.05,3.38,3.82,6.8,6.6,1.2,1.2,6.33,4.9,1.44,0.89,6.5,3.6,1.17,0.92
"416","Jeremy Lamb","Kings",51,1.82,2.55,1.35,2.2,4.37,3.55,7,2.2,2,0.8,7.2,3.3,1.7,0.8,6.93,2.93,1.57,0.79
"417","Jeremy Sochan","Spurs",177,3.43,2.85,3.05,2.38,6.28,5.43,15.8,6.2,2.2,0.4,13.9,5.8,2.1,0.6,13,5.93,2.2,0.53
"418","Jericho Sims","Bucks",115,0.87,1.05,0.87,1.37,1.92,2.24,2.8,4,0.2,0,2.67,3.9,0.44,0,3.14,4.67,0.71,0
"419","Jermaine Samuels Jr.","Rockets",6,0,0,0,3.33,0,3.33,0,0.2,0.5,0,0.67,0.2,0.33,0,1.33,0.2,0.17,0
"420","Jerome Robinson","Warriors",7,0,0.14,0.29,4,0.14,4.29,2.5,0,0,0,1.75,0.1,0,0,1.83,0.2,0,0
"421","Jett Howard","Magic",50,0.66,1.32,0.54,3.3,1.98,3.84,6,0,0,2,6.5,0.2,0.25,1.25,5.17,0.2,0.17,1
"422","Jevon Carter","Bulls",195,1.52,2.28,1.41,2.19,3.8,3.59,6,0.8,1.33,1.33,5,0.5,1,1,5,0.33,1,1
"423","Jimmy Butler III","Warriors",283,6.16,4.63,6.44,4.37,10.79,10.81,20.2,7.4,5.6,1.2,20.33,6.4,5.67,1.11,20.21,5.8,5.21,1
"424","Jock Landale","Rockets",182,1.62,1.77,1.34,1.88,3.38,3.21,2,0,0,0,6.67,0.8,0,0.33,6.6,1.07,0.2,0.4
"425","Joe Harris","Pistons",89,2.46,2.67,2.04,1.43,5.13,3.47,2,0,0,0,2,0,0,0,2.75,0.13,0.25,0.75
"426","Joe Ingles","Timberwolves",145,2.03,1.72,1.9,1.23,3.74,3.14,NA,0,NA,NA,NA,0,NA,NA,NA,0,NA,NA
"427","Joe Johnson","Celtics",1,0,0,0,2,0,2,2,0,0,0,2,0,0,0,2,0,0,0
"428","Joe Wieskamp","Raptors",14,0,1.07,0,3.93,1.07,3.93,0,0.2,0.67,0,0,0.2,0.33,0,0,0.27,0.29,0
"429","Joel Ayayi","Wizards",1,0,0,0,2,0,2,NA,0,NA,NA,0.5,0.2,0.5,0,0.33,0.2,0.67,0
"430","Joel Embiid","76ers",220,9.34,6.71,9.44,5.22,16.05,14.66,21.2,8.2,5,1.2,23.88,7.8,5.38,1.25,25.38,7.27,4.77,1.46
"431","John Butler Jr.","Wizards",8,1.12,0.38,1.5,2.62,1.5,4.12,0,0,0,0,0,0,0,0,3.08,0.67,0.58,0.58
"432","John Collins","Jazz",245,4.49,3.71,4,2.9,8.2,6.9,24.4,7.8,1,1.8,21.7,8.1,1,1.4,20.73,8.27,1.13,1.53
"433","John Konchar","Grizzlies",184,1.2,1.78,1.24,1.62,2.98,2.86,3.4,3.2,1.2,0.2,2.44,2.3,0.78,0.22,2.69,2.47,0.85,0.38
"434","John Wall","Clippers",34,2.85,3.5,2.65,2.35,6.35,5,9.2,3.2,5,0.6,9,2.8,4.5,1.1,9.47,3,5.13,1.07
"435","Johnny Davis","Wizards",75,1.32,1.21,0.72,2.01,2.53,2.73,0.67,0.6,0.33,0,1.14,0.6,0.29,0,1.3,0.4,0.2,0.1
"436","Johnny Furphy","Pacers",18,0.39,1.06,1.22,2.22,1.44,3.44,0.67,0,0,0,0.33,0.2,0,0,0.29,0.2,0.14,0
"437","Johnny Juzang","Jazz",82,2.34,2.07,1.5,2.67,4.41,4.17,12.4,3.6,1.8,2.6,11.11,2.9,1.44,2,11.64,3.4,1.21,2.07
"438","Jonas Valanciunas","Kings",322,3.94,3.63,3.6,2.61,7.57,6.21,5.8,4.4,0.6,0,7.9,5.8,1.1,0,8.27,7.6,1.8,0
"439","Jonathan Isaac","Magic",132,1.62,2.11,1.26,1.64,3.73,2.9,3.6,2,0.4,0.2,4.7,3.1,1,0.2,3.6,2.73,0.8,0.2
"440","Jonathan Kuminga","Warriors",261,2.85,3.66,2.75,3.74,6.51,6.48,20.8,3,1.2,1.6,15.86,1.7,1.14,1.14,14.2,1.87,1.3,1
"441","Jonathan Mogbo","Raptors",47,1.17,1.77,1.53,1.89,2.94,3.43,7.6,7.2,4.8,0,6.56,5.4,2.89,0,5.86,4.67,2.79,0.14
"442","Jontay Porter","Raptors",16,1.5,2.38,2.12,1.19,3.88,3.31,4.2,4.4,4.2,0.6,4.44,2.8,3.33,0.89,4.36,2.8,2.5,0.86
"443","Jordan Clarkson","Jazz",237,3.73,4.81,4.21,4.73,8.54,8.94,12.2,2.4,3.6,1.2,15.67,2.9,3.78,2.44,17,2.73,3.71,2.93
"444","Jordan Ford","Kings",3,0,0,0,4,0,4,5,0.2,1,1,1.67,0.1,0.33,0.33,2,0.13,0.33,0.33
"445","Jordan Goodwin","Lakers",126,1.6,1.6,1.82,2.25,3.2,4.06,0.75,1,0.5,0,2.67,2.3,1.11,0.56,4.36,2.93,1.64,0.71
"446","Jordan Hall","Spurs",6,0,0.5,0,4.17,0.5,4.17,3.5,0.6,0.75,0.25,3.57,1.1,1.29,0.29,3.11,0.8,1.22,0.33
"447","Jordan Hawkins","Pelicans",107,2.25,2.94,2.06,2.9,5.2,4.95,8,2.8,1.6,1.2,10,3.3,1.1,2,10.93,3.4,1.4,2
"448","Jordan McLaughlin","Spurs",140,0.82,1.46,1.26,1.49,2.28,2.74,2.75,1,2.25,0.5,2.75,0.5,2.25,0.5,3,0.47,1.71,0.57
"449","Jordan Miller","Clippers",32,0.47,1.56,0.25,2.97,2.03,3.22,2.33,0.4,1.33,0,1.75,0.2,1,0,1.83,0.27,0.83,0
"450","Jordan Nwora","Raptors",145,1.97,2.35,2.32,2.99,4.32,5.32,9,3.8,1.25,1.5,9.56,4.5,2,1.33,10.07,4.27,1.71,1.07
"451","Jordan Poole","Wizards",333,4.55,4.96,5.14,4.03,9.51,9.17,17.8,1.6,3.6,2.8,15.4,1.9,3.6,2.8,17.93,2.53,3.33,3.2
"452","Jordan Schakel","Wizards",2,0,0,0,4,0,4,1.5,0,0.5,0.5,2,0.5,0.25,0.5,1.33,0.57,0.17,0.33
"453","Jordan Walsh","Celtics",24,0.46,0.54,0.71,2,1,2.71,0,0.2,0,0,0,0.1,0.25,0,0,0.2,0.14,0
"454","Jose Alvarado","Pelicans",216,1.81,2.39,1.75,2.59,4.2,4.34,11.75,1.6,3,2.75,10.44,1.3,4.44,2.44,9.21,1.73,4.29,1.93
"455","Josh Christopher","Heat",121,0.84,2.55,0.93,3.67,3.4,4.6,0.67,0.4,0.33,0,0.5,0.2,0.25,0,0.5,0.2,0.17,0
"456","Josh Giddey","Bulls",287,3.6,3.16,3.89,3.2,6.76,7.08,18.25,7,7,1.25,21.11,8.6,8.78,1.89,20.86,9.33,8.93,1.86
"457","Josh Green","Hornets",250,2.03,2.26,1.8,1.64,4.29,3.44,9.4,1,2.2,1.8,5.7,2.2,1.9,1,6,2.07,2.13,1.2
"458","Josh Hart","Knicks",318,2.83,2.99,3.05,2.98,5.82,6.03,8.4,8.6,2.2,0.2,10,8.9,3.9,0.9,11.93,8.87,4,1.2
"459","Josh Jackson","Kings",41,1.37,3.07,1.49,2.07,4.44,3.56,8.6,3,0.6,0.6,6.86,1.6,0.57,0.43,5.78,1.2,0.56,0.33
"460","Josh Minott","Timberwolves",57,0.32,0.63,0.26,2.7,0.95,2.96,1,0,0.33,0.33,1.25,0,0.5,0.25,1,0,0.4,0.2
"461","Josh Okogie","Hornets",175,1.65,2.37,1.38,1.7,4.02,3.09,9.25,2,1.25,1,10.44,2.8,1.56,1.33,9.18,2.27,1.36,1.18
"462","Josh Richardson","Heat",174,2.57,3.17,1.85,2.71,5.74,4.56,NA,0,NA,NA,NA,0,NA,NA,NA,0,NA,NA
"463","Joshua Primo","Clippers",46,1.85,1.3,1.76,2,3.15,3.76,0,0.2,0,0,1,0.1,0,0,4.29,1.07,2.86,0.43
"464","Jrue Holiday","Celtics",305,4,3.71,4.24,3.24,7.71,7.48,8,4,3.6,0.8,8.67,3.5,4,1,10.57,4,4.43,1.36
"465","Juan Toscano-Anderson","Kings",95,0.71,1.09,0.93,2.21,1.8,3.14,0,0,0,0,0.83,0.9,0.17,0.17,0.5,0.73,0.2,0.1
"466","Juancho Hernangomez","Raptors",50,1.26,1.62,1.28,1.18,2.88,2.46,0,0.2,1,0,0,0.3,0.33,0,0.5,0.93,0.5,0.12
"467","Jules Bernard","Wizards",11,0.27,1.09,0.27,5.09,1.36,5.36,4.75,2,0.75,0.5,4,1.4,0.71,0.57,5.73,1.33,1,0.82
"468","Julian Champagnie","Spurs",149,2.73,2.03,2.56,2.01,4.76,4.57,11,3.2,1,3,10,3.7,1.6,2.6,8.6,3.6,1.33,2
"469","Julian Phillips","Bulls",81,1.19,1.28,1.43,1.52,2.47,2.95,7.2,2.6,0.6,0.8,4.9,2.2,0.5,0.7,5.73,2.53,0.87,0.73
"470","Julian Strawther","Nuggets",99,1.13,2.84,1.6,3.02,3.97,4.62,6,1.4,0.25,1,4.75,0.8,0.25,0.75,4.22,0.6,0.22,0.67
"471","Julius Randle","Timberwolves",283,7.01,4.71,6.13,3.71,11.72,9.84,17.4,5.8,3,2.2,21.3,6.2,5.2,1.9,21.73,5.87,4.93,2
"472","Justin Anderson","Pacers",12,1.75,2.08,2.58,2.08,3.83,4.67,5.6,2,1.6,0.6,8.1,3.6,2.4,1.2,6.5,2.73,2.07,0.93
"473","Justin Champagnie","Wizards",80,1.95,1.46,1.72,2.95,3.41,4.68,16.2,11.2,0.8,2.2,12.44,8.2,0.89,1.67,11.21,7.4,1,1.64
"474","Justin Edwards","76ers",36,2.36,2.47,2.47,2.69,4.83,5.17,16,2,1.67,2.33,14.14,2,1.86,2,13.27,2.33,1.73,1.82
"475","Justin Holiday","Nuggets",148,2.04,2.04,2.24,1.89,4.08,4.12,3.2,1.8,0.4,1,3.5,1.7,0.3,1.1,3.27,1.53,0.6,1
"476","Justin Jackson","Timberwolves",9,0,0.89,0.33,2.67,0.89,3,0,0,0,0,0,0,0,0,0,0,0,0
"477","Justin Minaya","Trail Blazers",23,0.3,1.17,0.57,1.83,1.48,2.39,2.2,0,0.2,0.2,1.57,0.1,0.14,0.14,1.22,0.07,0.11,0.11
"478","Justin Robinson","Pistons",15,0.93,0.87,1.4,2,1.8,3.4,5.6,1.4,1.8,1.6,3.33,0.8,1.22,0.89,2.69,0.6,1.38,0.69
"479","Justise Winslow","Raptors",66,1.8,1.7,1.74,1.86,3.5,3.61,5.5,1.6,2,0.5,4.43,2.5,2.29,0.43,6,4.07,2.83,0.5
"480","Jusuf Nurkic","Hornets",226,3.56,3.18,3.14,2.21,6.74,5.35,11.75,5,2.75,1.5,9.33,4.2,1.33,0.78,8.85,5.07,1.69,0.62
"481","Juwan Morgan","Celtics",2,1.5,1,0,0.5,2.5,0.5,0,0.2,0,0,0,0.1,0,0,0.11,0.2,0,0
"482","KJ Martin","Jazz",234,2.12,2.34,2.21,2.66,4.47,4.86,4,0.6,2.5,0,4.57,2.1,1.57,0.29,6.5,2.6,1.5,0.42
"483","KJ Simpson","Hornets",24,3.42,1.79,1.46,2.08,5.21,3.54,11.4,3.6,4.8,1.6,11.9,4,4.2,1.6,10.6,3.93,3.93,1.2
"484","KZ Okpala","Kings",24,1.12,1.21,0.88,1.92,2.33,2.79,0.5,0,0,0,0.14,0.2,0,0,0.82,0.33,0.27,0.18
"485","Kai Jones","Mavericks",66,0.89,0.82,0.76,2.2,1.71,2.95,13.6,7.6,1.4,0,10,4,1,0,7.8,2.87,0.7,0
"486","Karl-Anthony Towns","Knicks",282,6.21,5.6,6.18,4.61,11.81,10.8,22.8,12.2,1.8,1.4,23.3,11.9,1.3,1.4,21.47,12.27,1.2,1.4
"487","Karlo Matkovic","Pelicans",28,1.5,2.36,1.79,2.79,3.86,4.57,10.25,2.2,1.5,0.25,10.67,5,1,0.44,9,5.13,1.29,0.29
"488","Kawhi Leonard","Clippers",160,6.11,4.88,7.69,4.22,10.99,11.91,22.8,8.8,5.2,2,25.9,7.7,4.4,2.3,24.87,7.2,4.13,2.2
"489","Keaton Wallace","Hawks",23,1.61,1.39,1.22,2.35,3,3.57,3.5,0.4,3,0.5,3.25,0.3,1.75,0.75,3.25,0.2,1.75,0.75
"490","Keegan Murray","Kings",234,3.95,3.05,4.07,2.24,7,6.32,11.4,6.6,1,1.6,11.6,6.7,1.6,2,12.2,6.13,1.47,2.07
"491","Keifer Sykes","Pacers",22,1.95,2.09,2.05,1.86,4.05,3.91,8.67,0.2,2,1.67,6.17,0.4,1.67,1,5,0.4,1.8,0.7
"492","Keion Brooks Jr.","Pelicans",5,1.2,1.8,3.8,3,3,6.8,11.25,4.6,1,0.75,8.17,2.6,0.83,0.5,8.17,2.6,0.83,0.5
"493","Keita Bates-Diop","Nets",154,1.68,1.82,2.1,2.02,3.5,4.12,0.67,0.4,0.33,0,0.86,0.6,0.29,0,1.27,0.47,0.36,0
"494","Kel'el Ware","Heat",56,2.54,2,2.39,2.64,4.54,5.04,5,5.6,1.4,0.6,9,9.6,1.4,0.6,9.6,9,1.13,0.53
"495","Kelan Martin","Celtics",25,0.88,2.44,1.16,2.36,3.32,3.52,0,0.2,0,0,2.25,0.4,0,0.75,2.75,0.93,0.12,0.5
"496","Keldon Johnson","Spurs",278,4.1,4.27,4.55,3.67,8.37,8.22,12.2,6.8,2,0.6,12.7,6.3,2.1,1,14.13,5.93,1.8,1.2
"497","Keljin Blevins","Trail Blazers",19,0.32,1,1,2.68,1.32,3.68,2.6,1.6,0.4,0.6,4.6,2.9,0.7,1.1,3.54,2.07,0.54,0.85
"498","Kelly Olynyk","Pelicans",218,2.47,2.73,2.93,2.3,5.21,5.22,10,2.2,2.5,0.75,9.44,3.6,3.44,0.56,10.43,5.47,3.43,0.71
"499","Kelly Oubre Jr.","76ers",259,4.06,4,3.97,3.88,8.07,7.85,NA,0,NA,NA,9.5,0.7,1,0,19.5,1.47,2,1.83
"500","Kemba Walker","Mavericks",44,3.27,2.93,3.7,1.45,6.2,5.16,2,0,0.5,0.25,8,1.4,1.75,0.88,8,1.07,2.11,0.78
"501","Kendall Brown","Nets",11,0.18,0,0.09,2.82,0.18,2.91,0,0,1,0,0.33,0.3,0.33,0,0.57,0.2,0.29,0
"502","Kendrick Nunn","Wizards",57,2.19,1.93,2.12,2.46,4.12,4.58,13.8,3.4,3.2,2.4,11.44,2.1,2.33,2,8.92,1.53,1.69,1.62
"503","Kennedy Chandler","Grizzlies",21,0.1,1.05,0.1,2.48,1.14,2.57,1.33,0.6,0.33,0,2.4,0.6,1.4,0,2.12,0.4,1.38,0
"504","Kenneth Lofton Jr.","Jazz",34,0.85,0.88,1.12,3.71,1.74,4.82,16,3.8,6.33,1,13.75,2,4.75,1,9.5,1.53,3.17,0.67
"505","Kenrich Williams","Thunder",219,1.3,2.39,1.31,2,3.69,3.31,1.4,1.6,0.4,0.2,2,1.8,0.5,0.2,2.23,1.53,0.38,0.31
"506","Kent Bazemore","Lakers",24,1.5,1.21,1.29,1.5,2.71,2.79,0,0.4,0,0,0,0.4,0.5,0,0,0.27,0.5,0
"507","Kentavious Caldwell-Pope","Magic",331,3.24,2.66,2.88,2.01,5.9,4.89,5,3,1.8,1.2,8.44,2.7,2,2,8.62,2.67,2,2
"508","Keon Ellis","Kings",117,2.21,2.1,1.91,1.92,4.31,3.83,5.4,2.4,1.2,1.2,7.9,3,1.9,1.7,8.73,2.47,2,1.67
"509","Keon Johnson","Nets",135,1.89,1.84,2.04,3.41,3.73,5.44,14.2,4.6,3.2,2.6,13,4.9,2.8,2.5,11.93,4.73,2.53,2.2
"510","Keshad Johnson","Heat",6,0,0,0.5,4.17,0,4.67,0.67,0.2,0,0,2,0.4,0,0,2,0.27,0,0
"511","Kessler Edwards","Mavericks",92,1.75,1.5,1.5,2.26,3.25,3.76,12.6,5.8,1,1.6,10.2,4.2,1.7,1.5,8.87,4.8,1.87,1.2
"512","Kevin Durant","Suns",257,7.66,5.98,8.14,5.86,13.64,14,25,5.2,5.4,2.8,26.3,6.3,4.9,3.1,25,6.13,4.8,2.87
"513","Kevin Huerter","Bulls",281,3.39,3.08,3.4,2.39,6.47,5.79,10.8,2.2,3.4,1.6,14.6,3.6,3.7,2.6,14,3.87,3.2,2.4
"514","Kevin Knox II","Warriors",109,1.19,1.99,1.31,2.97,3.18,4.28,2.5,0.4,0.5,0,4.75,0.6,0.75,0.25,4.71,0.6,0.71,0.29
"515","Kevin Love","Heat",228,3.3,2.21,3.14,1.53,5.51,4.68,NA,0,NA,NA,0,0,0,0,3,0.13,0.5,1
"516","Kevin Pangos","Cavaliers",9,0.78,0.44,0.78,2.33,1.22,3.11,0,0,0,0,0,0,0,0,0,0,0,0
"517","Kevin Porter Jr.","Bucks",190,4.02,3.56,3.77,3.36,7.58,7.13,11.2,3.6,5.4,1.4,14,3.8,5.1,1.4,12.93,4,4,1.53
"518","Kevon Harris","Hawks",24,1,2.21,1.42,1.42,3.21,2.83,4,0.2,1,0,8.8,1.3,0.8,1,6,1.27,0.5,0.62
"519","Kevon Looney","Warriors",325,1.79,1.35,2.02,0.87,3.14,2.89,2.8,4.6,0.2,0,2.1,3.8,0.1,0,2.07,3.53,0.47,0
"520","Keyontae Johnson","Thunder",3,0,0,1.33,2.33,0,3.67,1,0.8,0,0,1.17,0.6,0.17,0.17,1.22,0.71,0.44,0.11
"521","Keyonte George","Jazz",133,3.5,3.04,3.94,4.4,6.53,8.34,20.6,3.2,5.6,3.2,20.25,3,5.12,2.62,18.38,3.2,5.31,2.77
"522","Khem Birch","Raptors",64,1.56,1.22,1.3,0.73,2.78,2.03,NA,0,NA,NA,NA,0,NA,NA,NA,0,NA,NA
"523","Khris Middleton","Wizards",199,4.49,4.36,3.98,4.09,8.85,8.07,9.4,3.6,2.8,1.4,11.4,3.8,3.1,1.1,11.5,3.47,3.36,1.21
"524","Killian Hayes","Nets",177,2.63,2.12,1.98,2.14,4.75,4.12,9.2,2.6,4.4,1.6,7.75,2.2,5,1.25,6.17,2.27,4.67,0.92
"525","Killian Tillie","Grizzlies",21,1.29,0.9,1.05,2.38,2.19,3.43,0,0.4,0.5,0,0.75,0.5,0.5,0.25,0.6,0.4,0.4,0.2
"526","Kira Lewis Jr.","Jazz",62,1.35,1.15,1.24,1.81,2.5,3.05,9,0.8,2.5,0,6.25,0.5,1.75,0.25,4.78,0.73,1.78,0.22
"527","Klay Thompson","Mavericks",277,5.26,4.41,4.95,3.93,9.66,8.87,16.4,3.2,1.2,3.2,16.22,3.4,2.33,2.67,16.71,3.47,2.5,3.07
"528","Kobe Brown","Clippers",39,0.46,0.69,0.46,2.82,1.15,3.28,5.33,0.2,1.33,0.33,3.2,0.1,0.8,0.2,2,0.27,0.78,0.11
"529","Kobe Bufkin","Hawks",26,1.23,1,0.88,2.04,2.23,2.92,NA,0,NA,NA,6.25,0.7,1.75,0,5.33,1.33,1.89,0.33
"530","Kobi Simmons","Raptors",5,0.4,2,0.8,1.8,2.4,2.6,2.6,1,2.4,0.2,2.5,1.1,1.6,0.3,2.27,1,1.55,0.27
"531","Kris Dunn","Clippers",160,1.96,1.86,2.08,1.5,3.82,3.58,5.8,3,1.2,1.4,6.5,3,1.3,1.5,5.73,2.73,1.73,1.07
"532","Kris Murray","Trail Blazers",94,1.39,1.51,1.81,2.09,2.9,3.89,5.6,3,2,0.4,5,3.8,1.56,0.33,4.08,3.47,1.31,0.23
"533","Kristaps Porzingis","Celtics",228,6.7,4.86,4.99,3.46,11.56,8.45,5,3.6,0.4,0.4,8,4.5,0.6,0.4,10.07,4.53,1,1.07
"534","Kyle Anderson","Heat",289,1.88,2.07,1.76,1.73,3.95,3.49,0,0.6,2,0,4.71,2.1,3.43,0,5.89,1.87,3.33,0.11
"535","Kyle Filipowski","Jazz",57,2.4,2.53,2.47,2.47,4.93,4.95,13,7.4,1.8,1.4,11.6,7,1.9,1.2,14.53,7.6,2.2,1.67
"536","Kyle Guy","Heat",12,1.67,2.17,1.08,1.25,3.83,2.33,0,0.8,0,0,0.25,0.4,0,0,1,0.4,0.25,0.12
"537","Kyle Kuzma","Bucks",260,4.96,4.49,5.07,4.24,9.45,9.31,5.8,2.2,0.8,0.4,9.2,3.8,1.6,0.8,10.47,3.87,1.67,1.07
"538","Kyle Lowry","76ers",231,2.58,2.68,2.89,2.43,5.26,5.32,2,1.4,2.2,0.2,3.56,2,2.89,0.78,3.15,1.67,2.54,0.62
"539","Kylor Kelley","Pelicans",7,2,0.57,0.57,1,2.57,1.57,3.5,1.4,1,0,2.2,0.9,0.4,0,3.5,1.53,0.38,0
"540","Kyrie Irving","Mavericks",227,5.68,5.76,6.55,7.4,11.44,13.95,23,5.4,3.4,2,22.56,4.2,2.78,2.56,23.36,4.73,3.5,2.36
"541","Kyshawn George","Wizards",62,2.52,2.23,2.27,2.21,4.74,4.48,11.67,3.2,3,1.67,11.62,3.9,3.12,2,11.69,4.47,3.54,2.08
"542","LaMarcus Aldridge","Nets",45,3.56,3.56,3.2,3.18,7.11,6.38,NA,0,NA,NA,0,0.6,0.5,0,4.75,1,0.75,0
"543","LaMelo Ball","Hornets",180,5.47,5.23,5.95,5.77,10.69,11.72,21.6,3.6,9.4,3.8,20.7,5.1,7.9,3.6,18.33,4.33,6.73,3.2
"544","Lamar Stevens","Grizzlies",150,1.31,1.81,1.65,2.13,3.13,3.78,2,0.8,0.5,0,1.5,0.4,0.17,0.17,3.45,1.73,0.55,0.55
"545","Lance Stephenson","Pacers",44,2.18,2.7,1.41,2.43,4.89,3.84,8.4,2.4,5,0.6,10.3,2.1,3.2,1,8.62,2.07,3.92,0.77
"546","Landry Shamet","Knicks",194,1.07,2.53,1.59,2.8,3.6,4.4,5.75,0.6,1.75,1.75,3.43,0.4,1.14,1,3,0.27,1,0.88
"547","Langston Galloway","Bucks",5,0.8,1.6,0.4,0,2.4,0.4,1.25,2.2,2,0.25,2,2.25,1.71,0.29,2,2.25,1.71,0.29
"548","Larry Nance Jr.","Hawks",190,1.64,1.99,1.84,1.97,3.64,3.82,9.2,4.6,1.8,1.4,6.67,3.9,1.56,0.89,7.45,3.33,1.45,0.91
"549","Lauri Markkanen","Jazz",232,5.66,5.13,5.14,4.66,10.79,9.8,15.5,2.8,0.75,3,17.67,4.2,0.67,2.78,17.21,5.2,0.64,2.79
"550","LeBron James","Lakers",278,5.57,7.44,6.26,7.22,13.01,13.48,25.4,9,5.6,2,23,7,6.6,1.7,23.4,7.67,6.8,1.73
"551","Leaky Black","Hornets",16,1,1.38,0.62,1.31,2.38,1.94,5,1.8,1.67,0.67,4.6,1.6,1.6,0.4,4.2,1.93,1.8,0.6
"552","Leandro Bolmaro","Jazz",18,0.33,0.28,0.28,2.22,0.61,2.5,0,0.4,0,0,0,0.2,0,0,0,0.2,0.25,0
"553","Leonard Miller","Timberwolves",16,0,0,0,3.75,0,3.75,11,0.6,0,1,6.5,0.4,0,0.5,4.33,0.33,0,0.33
"554","Lester Quinones","Pelicans",34,0.74,0.85,1.18,3.56,1.59,4.74,7.25,0.8,2.25,1.75,6.33,0.7,1.5,1.17,6,0.67,1.44,1
"555","Liam Robbins","Bucks",5,0,0,0,1.8,0,1.8,0,0,0,0,0.5,0.3,0,0,0.5,0.47,0.12,0
"556","Lindell Wigginton","Bucks",18,1,1.5,1.17,3.89,2.5,5.06,0,0,0,0,3,0,0,0,2,0,0,0
"557","Lindy Waters III","Pistons",111,1.09,2.23,0.88,2.83,3.32,3.71,NA,0,NA,NA,NA,0,NA,NA,3,0.13,1.5,1
"558","Lonnie Walker IV","76ers",195,2.95,3.23,2.87,2.7,6.18,5.57,13,2.8,2.4,2.4,13.11,3.2,2.78,2.44,10.5,3,2.21,2
"559","Lonzo Ball","Bulls",69,3.68,2.48,2.54,1.68,6.16,4.22,11.67,1.6,2,2.67,9.38,2.7,2.5,2.12,9.62,3,2.54,2.31
"560","Lou Williams","Hawks",55,1,2.18,0.84,2.42,3.18,3.25,4.6,2,1.4,0.6,4.8,1.7,1.6,0.5,5.33,1.47,1.6,0.47
"561","Louis King","76ers",10,0.5,0.5,2.1,3.4,1,5.5,20,0.8,2,4,8.33,0.5,2,1.67,6,0.53,1.67,1.17
"562","Luca Vildoza","Bucks",2,0,0,0,2.5,0,2.5,0.67,0.2,0.33,0,0.71,0.2,0.57,0.14,0.71,0.18,0.57,0.14
"563","Luguentz Dort","Thunder",303,3.71,2.68,3.6,2.29,6.39,5.89,7.8,5.2,0.6,2.2,7.9,4.1,0.6,2.4,8.07,4,0.93,2.27
"564","Luka Doncic","Lakers",289,9.9,7.02,8.24,5.36,16.92,13.59,30.2,7,5.8,3.2,29.7,7.1,6.4,3.5,30.73,7.87,6.8,3.93
"565","Luka Garza","Timberwolves",97,0.92,1.12,0.94,3.59,2.04,4.53,3.67,0.4,0,0.33,2.75,0.2,0,0.25,2.6,0.2,0,0.2
"566","Luka Samanic","Jazz",35,1.29,1.06,1.86,2.83,2.34,4.69,12.4,5.4,1.8,0.4,9.25,3.8,1.25,0.38,7.4,2.53,1,0.3
"567","Luke Kennard","Grizzlies",224,2.67,3.17,2.34,2.58,5.85,4.92,4.2,3,1.8,0.6,4.5,2.9,2.2,0.7,5.67,2.73,2.73,0.73
"568","Luke Kornet","Celtics",192,1.16,1.69,1.21,1.67,2.84,2.89,5.4,4.8,0.4,0,4.8,4.2,0.5,0,5.87,5.33,1,0
"569","Luke Travers","Cavaliers",2,1,0,1,2,1,3,0,1,0.33,0,0.57,0.8,0.57,0,0.5,0.6,0.5,0
"570","Mac McClung","Magic",4,1.25,0.5,2,4,1.75,6,0,0,1,0,0,0.1,1.5,0,6.2,0.93,2.6,1
"571","Malachi Flynn","Hornets",119,1.07,1.91,1.11,2.9,2.97,4.01,4.67,1.4,1.67,0.33,5.25,1,2,0.25,9.15,1.47,2.77,0.92
"572","Malaki Branham","Spurs",161,2.2,2.6,2.09,2.63,4.8,4.72,10.25,1.2,1.25,1.5,9.6,0.6,1.2,1.6,6.38,0.47,0.75,1.12
"573","Malcolm Brogdon","Wizards",181,3.75,4.48,3.74,3.43,8.23,7.17,10,1.6,5,0,8.57,2.1,4.57,0.14,11.58,2.67,5.08,0.42
"574","Malcolm Hill","Pelicans",13,1.31,1.46,1.15,2,2.77,3.15,NA,0,NA,NA,0,0,0,0,1.25,0.13,0,0.25
"575","Malevy Leons","Thunder",2,0,0,0,1,0,1,0,0,0,0,0,0.1,0,0,0.08,0.07,0,0
"576","Malik Beasley","Pistons",330,3.44,3.25,3.21,3.05,6.69,6.26,12.8,2.2,1,2.8,15.1,1.8,1.4,4.1,13.93,2,1.53,3.67
"577","Malik Fitts","Celtics",7,0.43,0.43,0,3.29,0.86,3.29,1.5,0,0,0.5,0.6,0,0,0.2,0.86,0,0,0.29
"578","Malik Monk","Kings",289,3.35,4.03,3.63,3.97,7.37,7.6,13.8,2.6,2.6,1.6,16.5,3.5,4.2,1.9,15.53,3.6,4.93,1.8
"579","Malik Newman","Cavaliers",1,0,0,0,8,0,8,8,0.33,1,0,8,0.33,1,0,8,0.33,1,0
"580","Malik Williams","Raptors",3,3,1.33,1.33,0.67,4.33,2,3.8,6.6,0.2,0.2,2.71,5.43,0.29,0.14,2.71,5.43,0.29,0.14
"581","Mamadi Diakite","Knicks",30,0.8,1.33,0.67,1.43,2.13,2.1,0.5,0.6,0.25,0,0.5,0.3,0.25,0,0.5,0.2,0.25,0
"582","Maozinha Pereira","Grizzlies",6,0.83,2.17,1.33,3.67,3,5,7.5,4,0.25,1,5.75,3.7,0.25,0.62,5.33,3.36,0.22,0.56
"583","MarJon Beauchamp","Knicks",94,0.97,1.2,0.9,2.84,2.17,3.74,2.33,0.8,0,0.33,4,0.7,0.25,0.5,2.71,0.53,0.29,0.43
"584","Marcus Bagley","76ers",4,1.5,5,1.5,1.25,6.5,2.75,9.25,7.25,1.25,1,9.25,7.25,1.25,1,9.25,7.25,1.25,1
"585","Marcus Garrett","Hornets",9,1,0.89,1,1.67,1.89,2.67,5.6,1.2,2.6,0.6,4.1,2.1,1.6,0.4,2.93,1.93,1.29,0.29
"586","Marcus Morris Sr.","Cavaliers",170,3.88,2.54,3.63,1.65,6.42,5.28,8,1.4,0,1.5,6.11,2.5,0.33,1,6.2,1.87,0.3,1
"587","Marcus Sasser","Pistons",103,0.99,2.38,1.92,3.13,3.37,5.05,NA,0,NA,NA,8,0.1,3,1,3.67,0.2,1.67,0.67
"588","Marcus Smart","Wizards",218,3.15,3.14,3.71,2.5,6.29,6.22,10,1,2.5,2,10,1.2,3.67,1.5,10.27,1.47,3.09,1.45
"589","Mark Williams","Hornets",100,2.65,3.26,3.09,3.23,5.91,6.32,12.6,9.4,3,0,14.5,10.4,3.1,0,15.27,10.8,2.53,0
"590","Markelle Fultz","Kings",132,2.68,2.35,3.39,2.55,5.03,5.93,3,0.6,2,0,2.6,0.5,1.4,0.2,1.5,0.4,0.9,0.1
"591","Markieff Morris","Lakers",72,1.18,1.56,0.82,1.65,2.74,2.47,NA,0,NA,NA,NA,0,NA,NA,5.5,0.27,1.5,0.5
"592","Marko Simonovic","Bulls",7,0,0,0,3.29,0,3.29,2,0.2,0,0.5,1.5,0.2,0,0.25,1,0.13,0,0.17
"593","Markquis Nowell","Raptors",1,0,0,0,2,0,2,1,0.67,1,0,1,0.67,1,0,1,0.67,1,0
"594","Markus Howard","Nuggets",17,0.47,1.88,0.29,4.65,2.35,4.94,12.5,0.6,0.5,1,12.5,0.3,0.5,1,6.8,0.33,0.2,1
"595","Marques Bolden","Hornets",6,1,2.33,2.17,0.67,3.33,2.83,5.5,3,1,0,5.29,3.1,0.57,0,4.11,2.13,0.44,0
"596","Marquese Chriss","Mavericks",32,1,1.22,1.19,1.84,2.22,3.03,0,0.2,0,0,1.17,0.5,0,0.17,1.75,0.6,0,0.12
"597","Marvin Bagley III","Grizzlies",158,2.92,2.89,3.04,2.17,5.82,5.22,8.5,1.2,0,0.5,3.8,0.7,0,0.2,2.62,0.67,0,0.12
"598","Mason Jones","Kings",11,0,0.27,0.64,4.09,0.27,4.73,1,0,0,0,2.25,0,0.25,0,3.83,0.27,0.5,0.17
"599","Mason Plumlee","Suns",261,2.02,1.56,2.09,1.73,3.59,3.82,3.33,2.6,1,0,4.88,4,0.75,0,6.54,5.4,1.15,0
"600","Matas Buzelis","Bulls",67,2.73,2.67,2.27,1.84,5.4,4.1,13.4,4.8,2.4,1.8,14.8,4.3,2.1,2.2,13.47,4.47,1.8,1.87
"601","Matisse Thybulle","Trail Blazers",176,1.77,1.53,1.54,1.39,3.3,2.93,6.8,3.4,2.4,1.2,5.75,2.9,2,0.88,5.75,1.93,2,0.88
"602","Matt Hurt","Grizzlies",5,2.2,1.2,0.6,2.4,3.4,3,0,0.2,0,0,1.67,1,0.11,0.33,1.69,0.93,0.23,0.23
"603","Matt Ryan","Knicks",46,0.96,1.5,0.8,3.37,2.46,4.17,0,0,0,0,0.75,0.1,0.5,0.25,0.5,0.13,0.5,0.17
"604","Matt Thomas","Bulls",27,0.74,1.48,0.93,2.81,2.22,3.74,NA,0,NA,NA,0,0,0,0,2.67,0.07,0,0.67
"605","Matthew Dellavedova","Kings",14,0.79,0.71,0.43,1.43,1.5,1.86,2.33,0.4,1.67,0.33,2,0.2,1,0.4,1.67,0.27,1.17,0.33
"606","Maurice Harkless","Kings",35,2.34,1.89,1.17,0.8,4.23,1.97,NA,0,NA,NA,NA,0,NA,NA,0,0.27,0.25,0
"607","Max Christie","Mavericks",151,1.84,1.7,1.75,1.93,3.54,3.68,7.2,3.8,1.6,1.2,9.1,4.7,2.1,1.5,9.27,4.27,2.27,1.67
"608","Max Strus","Cavaliers",308,3.05,2.94,3.01,2.67,5.98,5.68,12.2,7,3.8,2.8,12.4,5.6,3.8,3.1,12.2,5.27,3.73,2.93
"609","Maxi Kleber","Lakers",176,1.59,1.67,1.69,1.41,3.26,3.1,3.2,1.6,1.6,0.4,4.1,1.6,1.7,0.6,3.8,2.07,1.73,0.53
"610","Maxwell Lewis","Nets",16,0.94,1.25,0.88,2.38,2.19,3.25,6,3.2,0.8,0.4,7.33,2.5,1,1,6.6,1.73,0.9,0.9
"611","McKinley Wright IV","Mavericks",22,0.59,1.73,1,2.09,2.32,3.09,9.33,1.4,3.33,0.67,8.83,1.7,2.67,0.83,8.11,1.47,3.11,0.89
"612","Melvin Frazier Jr.","Thunder",3,1.67,2.33,0.67,6,4,6.67,10.67,4.33,0.33,0.33,10.67,4.33,0.33,0.33,10.67,4.33,0.33,0.33
"613","Meyers Leonard","Bucks",7,1.14,2.14,1.57,1.29,3.29,2.86,0,0.2,0,0,3.8,2.2,0.2,0.4,4.83,1.67,0.17,0.5
"614","Mfiondu Kabengele","Celtics",2,0,1,1,1,1,2,2,1,0,0,2,0.5,0,0,1.33,0.4,0,0
"615","Micah Potter","Jazz",44,1.45,1.23,1.32,1.25,2.68,2.57,2.4,5.4,0.6,0.2,4.7,5.2,0.8,0.7,4.4,4.8,0.73,0.73
"616","Michael Carter-Williams","Magic",4,1,0,1.25,2,1,3.25,4.25,1,1.75,0.25,4.25,0.5,1.75,0.25,4.25,0.33,1.75,0.25
"617","Michael Porter Jr.","Nuggets",268,4.9,3.95,4.67,2.72,8.85,7.39,8.4,5.6,0.8,1.4,8.6,4.8,0.5,1.6,9,5.93,0.6,1.6
"618","Mikal Bridges","Knicks",353,5.13,3.81,4.95,3.79,8.95,8.74,15.8,3.2,2.8,1.4,16.1,3.8,3,1.3,15.53,4.47,3.2,1.47
"619","Mike Conley","Timberwolves",313,2.66,2.86,3,2.83,5.52,5.83,4.4,2.2,2.4,1.2,6.2,2.7,3.7,1.5,6,2.93,3.33,1.33
"620","Mike Muscala","Thunder",124,1.38,1.91,1.94,1.97,3.29,3.91,NA,0,NA,NA,NA,0,NA,NA,0.5,0.67,0.5,0
"621","Miles Bridges","Hornets",207,5.11,4.67,5.82,4.77,9.78,10.58,12.8,5.4,3.2,1.8,22.3,7,4.1,2.7,21.87,7.6,4.27,2.47
"622","Miles McBride","Knicks",203,1.84,2.45,1.49,2.59,4.29,4.08,4.8,1.4,1,0.8,6.5,1.2,1,1.3,6.2,1.2,0.93,1.27
"623","Mitchell Robinson","Knicks",199,2.46,1.72,1.74,1.42,4.18,3.16,6.4,7.4,0.4,0,5.3,7.8,0.6,0,5.07,7.33,0.4,0
"624","Miye Oni","Pelicans",2,0,0,0,2.5,0,2.5,NA,0,NA,NA,0,0.2,0,0,0.6,0.2,0.2,0.2
"625","Mo Bamba","Pelicans",181,2.39,2.14,1.85,1.75,4.52,3.6,2.5,5,0.5,0,3.83,3.1,0.67,0.5,4.73,3.8,0.55,0.55
"626","Monte Morris","Suns",211,2.82,2.28,2.49,2.09,5.1,4.58,7,0.4,2,1,9.5,0.3,1,2.5,6,0.33,1.25,1.5
"627","Montrezl Harrell","76ers",116,2.3,3.28,2.25,3,5.58,5.25,NA,0,NA,NA,0,0.1,0,0,6.8,1.13,0.4,0
"628","Moritz Wagner","Magic",230,2.18,3.11,1.93,3.47,5.29,5.4,13,3,1.4,1.2,12.2,5.5,1.4,0.9,13.33,5.33,1.93,0.93
"629","Moses Brown","Mavericks",79,1.49,1.03,1.29,2.23,2.52,3.52,11.75,6.2,0.5,0,6.71,3.1,0.29,0,5.83,2.67,0.17,0
"630","Moses Moody","Warriors",239,1.62,1.86,1.92,2.72,3.49,4.64,3.6,0.8,1.2,0.6,6.6,2.2,1.2,1.1,7.2,2.27,1.07,1.27
"631","Moses Wright","Mavericks",2,0,0,0,2.5,0,2.5,1.67,0.6,0.33,0,1.67,0.3,0.33,0,1.25,0.27,0.5,0
"632","Mouhamadou Gueye","Raptors",9,1.22,0.44,0.22,1,1.67,1.22,3.75,2.6,1,0,2.67,1.8,0.56,0,2.36,1.92,0.45,0
"633","Mouhamed Gueye","Hawks",28,2.54,0.89,2.32,1,3.43,3.32,7.2,6.4,1.4,0.6,5.44,4.5,1,0.56,6.71,4.33,1.07,0.86
"634","Moussa Diabate","Hornets",75,1.2,1.31,1.15,2.12,2.51,3.27,7.8,4.6,1,0,6.5,4.8,1,0,5.93,4.2,0.93,0
"635","Mychal Mulder","Heat",10,0.9,2,1.6,2.4,2.9,4,7,0.6,1,2,6.2,1,0.8,1.4,4.86,0.93,0.57,1.14
"636","Myles Powell","76ers",4,0.5,0,0,2.75,0.5,2.75,0,0,0,0,0,0.1,0,0,0,0.07,0.2,0
"637","Myles Turner","Pacers",287,4.53,4.06,4.77,2.66,8.58,7.43,8.6,3.6,1.2,0.6,10.3,3.8,1.3,1,12.13,4.27,1.47,1.2
"638","N'Faly Dante","Rockets",2,0,0,3.5,5.5,0,9,9,3,1,0,9,1.67,1,0,9,1.67,1,0
"639","Nae'Qwan Tomlin","Cavaliers",3,0,0,0,3.33,0,3.33,3.5,1,0,0,3.33,1,0,0,3.33,1,0,0
"640","Naji Marshall","Mavericks",252,1.87,2.46,2.2,2.7,4.33,4.9,11,5.6,3.6,0.6,15.5,5.8,3.6,0.7,17.67,6.93,4,0.87
"641","Nassir Little","Suns",120,2.04,1.92,1.77,2.01,3.96,3.78,2.2,0.2,0,0.2,1.62,0.2,0,0.12,2,0.27,0.1,0.2
"642","Nate Hinton","Rockets",8,0,1.12,0.38,2.62,1.12,3,0.67,1.4,1.33,0,2.4,1.3,1.2,0.4,2.11,0.93,0.89,0.33
"643","Nate Williams","Rockets",29,0.66,0.69,0.9,3.52,1.34,4.41,0,0,0,0,2.4,0.2,0.2,0.2,1.71,0.2,0.29,0.14
"644","Nathan Knight","Timberwolves",54,0.7,0.89,1.11,2.46,1.59,3.57,1,0.2,0,0,1.17,0.6,0.17,0,1.17,0.4,0.17,0
"645","Nathan Mensah","Hornets",12,0.5,0.92,0.17,1.17,1.42,1.33,2,1,0,0,0.67,0.8,0,0,0.55,1.27,0.45,0
"646","Naz Reid","Timberwolves",332,3.03,3.49,2.33,2.95,6.52,5.28,9.2,7,1.6,0.8,9.8,5.2,1.8,1.4,10.4,4.73,1.67,1.67
"647","Neemias Queta","Celtics",80,0.76,1.69,0.92,2.94,2.45,3.86,2,0.4,0.33,0,2.5,0.2,0.5,0,3.83,0.2,0.67,0
"648","Nemanja Bjelica","Warriors",74,1.65,2.07,1.09,1.62,3.72,2.72,1.5,1.4,0.25,0,2.57,1.7,1,0.29,2.09,1.6,1.09,0.27
"649","Nerlens Noel","Nets",32,0.59,1.19,1.16,0.81,1.78,1.97,1,1.8,1,0,0.75,1,0.75,0,1.2,0.8,0.6,0
"650","Nic Claxton","Nets",262,2.89,2.9,3.19,2.19,5.79,5.38,8.2,8.6,2.2,0.2,9.6,8.2,3.3,0.1,10.07,7.6,3.13,0.07
"651","Nick Richards","Suns",213,2.33,2.2,2.25,1.8,4.53,4.05,10,7,0.8,0,11.9,7.4,0.6,0,11.2,8.13,0.8,0
"652","Nick Smith Jr.","Hornets",90,1.29,2.54,1.71,3.36,3.83,5.07,10.4,2.4,3.2,2,10.9,2.5,2.9,1.8,11.07,2.47,2.73,1.8
"653","Nickeil Alexander-Walker","Timberwolves",288,1.99,2.46,2.15,2.78,4.45,4.93,12,2.6,2.6,2.4,9.5,1.9,2.4,1.7,8.33,1.8,2.33,1.47
"654","Nicolas Batum","Clippers",236,1.6,2.08,2,1.42,3.67,3.42,4.8,4.2,2.6,1.6,5.6,3.6,1.9,1.8,6.2,3.73,1.6,1.93
"655","Nik Stauskas","Celtics",10,0,0.8,0,2.3,0.8,2.3,0.75,0.6,0.25,0.25,0.71,0.3,0.14,0.14,1.18,0.27,0.36,0.27
"656","Nikola Jokic","Nuggets",343,7.9,5.69,7.85,5.11,13.58,12.97,28,13.4,5.8,1.8,25.3,12.4,6.9,1.7,26.2,12.93,8.33,1.87
"657","Nikola Jovic","Heat",111,3,2.1,2.58,1.5,5.1,4.07,9.5,3.2,1.5,1.5,9.5,1.6,1.5,1.5,8.67,1.53,1.83,1.33
"658","Nikola Vucevic","Bulls",309,5.44,4.06,5.15,3.19,9.5,8.34,18.8,10.8,5,1.8,17.8,10.4,4.6,2.2,16.21,9.07,3.86,2
"659","Noah Clowney","Nets",58,2.34,2.5,2.28,2.19,4.84,4.47,9,2,1,2,7.25,1.5,1,1.25,8.57,1.67,0.86,1.57
"660","Noah Vonleh","Celtics",9,0.44,0.67,0.44,1.22,1.11,1.67,0,0.4,0.33,0,0,0.2,0.25,0,0,0.6,0.25,0
"661","Norman Powell","Clippers",251,3.63,5.18,3.75,4.96,8.81,8.71,17.4,2.8,2,2,16.7,2.7,2.4,2,16.53,2.53,1.93,1.87
"662","Norvel Pelle","Jazz",2,2,0,0,1,2,1,2,1.2,0,0,2,0.67,0,0,2,0.67,0,0
"663","OG Anunoby","Knicks",267,4.28,4.22,4.47,3.29,8.5,7.76,17.8,4,1.4,2,15.6,4.5,1.6,2.1,15.93,4.6,1.47,2.33
"664","Obi Toppin","Pacers",330,2.33,2.83,2.16,2.41,5.16,4.57,11.4,5,0.8,1.4,11.1,4.7,1,1.6,10.4,4.73,1.13,1.13
"665","Ochai Agbaji","Raptors",169,2.83,1.79,2.25,2.15,4.62,4.4,16.75,3.4,1.25,2.75,10.56,3.1,0.89,1.89,11,3.6,1,1.71
"666","Olivier Sarr","Thunder",31,0.71,1.9,0.97,3.61,2.61,4.58,0,0.2,0,0,1.5,0.1,0,0,2.8,0.6,0,0
"667","Olivier-Maxence Prosper","Mavericks",54,1.06,1.28,0.67,2.96,2.33,3.63,8.5,1.2,1.5,1,3.86,1.8,0.57,0.43,4.92,2,1.08,0.25
"668","Omer Yurtseven","Jazz",95,1.2,1.08,1.41,2.47,2.28,3.88,10.6,10.2,1.4,0,9.11,6.8,1.22,0,8.62,5.47,1,0.08
"669","Onuralp Bitim","Bulls",14,0.86,1.21,2,1.5,2.07,3.5,3.33,0.4,0,0.33,1.86,0.3,0.29,0.29,2.5,0.93,0.5,0.25
"670","Onyeka Okongwu","Hawks",264,2.22,3.08,2.29,2.72,5.3,5.01,16.8,9.8,2.8,1.4,17.5,10.5,2.7,1.4,15.93,10.53,2.47,1.2
"671","Orlando Robinson","Raptors",70,1.73,1.29,1.33,1.93,3.01,3.26,11.5,4.4,2.5,0.75,12.44,6.9,3.11,0.78,10.29,6.27,2.5,0.57
"672","Oscar Tshiebwe","Jazz",18,0.67,0.72,0.67,2.39,1.39,3.06,7,4.8,1,0,6.5,5.6,0.83,0,6.5,3.73,0.83,0
"673","Oshae Brissett","76ers",167,1.57,2.17,1.39,2.49,3.74,3.88,4,2.4,0.6,0.4,6,2.1,0.44,0.78,4.67,1.67,0.33,0.58
"674","Oso Ighodaro","Suns",39,1.21,1.31,1.18,1.67,2.51,2.85,6,6,2,0,6.6,6.1,2,0,6,4.07,1.91,0
"675","Otto Porter Jr.","Jazz",92,1.61,2.36,1.68,1.96,3.97,3.64,NA,0,NA,NA,NA,0,NA,NA,NA,0,NA,NA
"676","Ousmane Dieng","Thunder",78,1.56,1.6,1.22,1.87,3.17,3.09,1.5,0,0,0.5,2.4,0.1,0.4,0.8,1.5,0.13,0.25,0.5
"677","P.J. Tucker","Knicks",158,2.04,1.32,2.23,1.12,3.37,3.35,NA,0,NA,NA,0,0,0,0,0,0,0,0
"678","P.J. Washington","Mavericks",281,3.67,3.45,3.04,3.41,7.12,6.45,19.25,5.4,2.5,2.25,22,4.4,2,1.83,19.43,3.27,1.71,1.57
"679","PJ Dozier","Timberwolves",27,1.04,0.74,1,2.19,1.78,3.19,0,0,0,0,0.75,0,0.5,0.25,0.6,0.13,0.6,0.2
"680","PJ Hall","Nuggets",10,0,0,0,2.6,0,2.6,4.5,0.4,0.5,0.5,2.75,0.5,0.25,0.25,2.14,0.53,0.29,0.14
"681","Pacome Dadiet","Knicks",6,0,1.5,0.33,2.83,1.5,3.17,0,0,0,0,1,0,0,0,1,0,0,0
"682","Paolo Banchero","Magic",207,5.77,5.44,6.49,4.63,11.21,11.13,29.4,8.4,4.2,2.4,28,8.7,4.6,1.6,29.47,8.87,4.67,2.07
"683","Paris Bass","Suns",2,0,0,0,3,0,3,3,1,0,0,3,1,0,0,3,1,0,0
"684","Pascal Siakam","Pacers",340,5.93,5.46,6.04,4.6,11.39,10.64,20.2,7.4,3.8,1.6,21.1,7,3.6,1.7,21.73,6.53,3.67,1.6
"685","Pat Connaughton","Bucks",245,1.89,2.06,1.76,1.94,3.95,3.7,2,0.4,0.33,0.33,2.67,0.5,0.67,0.17,2.75,0.33,0.75,0.12
"686","Pat Spencer","Warriors",27,0.41,1.3,0.85,2.37,1.7,3.22,2,1,0.5,0,3.57,1,0.71,0,4.6,0.87,1,0.3
"687","Patrick Baldwin Jr.","Clippers",57,0.49,1.02,0.89,3.53,1.51,4.42,2,1.4,0.33,0.67,2.43,1,0.14,0.71,2.22,0.67,0.11,0.67
"688","Patrick Beverley","Bucks",199,2.39,2.13,1.75,1.37,4.52,3.12,8.8,2.6,5,0.6,9,4.6,5.1,1.1,7.53,4.33,4.33,0.87
"689","Patrick Williams","Bulls",202,2.89,2.47,2.38,2.13,5.36,4.51,9.6,2.8,1.4,1.6,8.5,2.7,1.8,1.5,7.67,2.8,1.6,1.27
"690","Patty Mills","Clippers",150,2.27,2.73,1.98,2.59,4.99,4.57,3,0,0,1,4,0,0,1,2,0,0.25,0.5
"691","Paul George","76ers",211,5.66,4.95,5.87,5.22,10.62,11.09,17,5,4.75,2.5,14.22,4.8,3.89,2,14.36,4.07,3.57,2.21
"692","Paul Millsap","76ers",23,1,2.43,0.22,1.35,3.43,1.57,NA,0,NA,NA,0,0.1,1,0,0,0.07,1,0
"693","Paul Reed","Pistons",207,1.12,1.82,0.9,2.36,2.94,3.26,2.8,3,0.2,0,2.67,1.7,0.17,0,2.38,1.53,0.25,0.12
"694","Paul Watson","Thunder",6,0,2.5,0.67,2,2.5,2.67,NA,0,NA,NA,NA,0,NA,NA,6.33,0.73,1,1
"695","Payton Pritchard","Celtics",279,2.07,3.14,1.6,3.64,5.21,5.24,14.4,2.8,2,3.2,11.2,2.5,1.4,2.3,13.27,2.73,2.27,2.6
"696","Pelle Larsson","Heat",39,1.05,1.87,1.15,1.79,2.92,2.95,5,1.8,1,0.75,7,1.8,1.57,1.14,5.75,1.53,1.25,0.92
"697","Pete Nance","Bucks",6,0.5,0,0,3.17,0.5,3.17,2,1,1,0,1.33,0.5,0.67,0,0.67,0.47,0.33,0
"698","Petr Cornelie","Nuggets",5,0,0,0,2.8,0,2.8,2.5,0.4,0,0.5,2,0.3,0,0.2,1.25,0.4,0,0.12
"699","Peyton Watson","Nuggets",170,1.39,1.81,1.39,2.3,3.2,3.69,4,4,0.4,0.6,5,3.1,0.3,0.7,4.73,3.07,0.33,0.47
"700","Precious Achiuwa","Knicks",253,1.83,2.47,1.98,2.23,4.31,4.21,0.67,0.4,0,0,2,0.7,0,0,1.75,0.6,0,0
"701","Quentin Grimes","76ers",223,2.69,2.47,2.97,2.79,5.16,5.77,23.75,3.6,6,3,29,4.6,5.22,3.56,27.14,4.67,5,3.29
"702","Quenton Jackson","Pacers",28,0.86,1.36,1.32,3.5,2.21,4.82,3.8,0.6,2.2,0.8,4.57,0.6,1.57,0.71,3.9,0.73,2,0.6
"703","Quincy Olivari","Lakers",1,0,3,0,0,3,0,0,0,1,0,1.5,0,0.5,0.5,1.5,0,0.5,0.5
"704","Quinndary Weatherspoon","Warriors",6,0.33,2,1.67,1,2.33,2.67,1,1,0.67,0,2.29,0.9,0.57,0.14,2.4,0.87,0.5,0.1
"705","Quinten Post","Warriors",41,1.98,2.56,1.66,2.68,4.54,4.34,1.6,1.2,0.2,0.4,3.3,2.5,1,0.6,4.53,2.27,1,1
"706","R.J. Hampton","Wizards",101,1.4,2.25,1.66,2.62,3.64,4.29,NA,0,NA,NA,0,0,0.33,0,1.43,0.4,1.14,0.14
"707","RJ Barrett","Raptors",264,5.03,5.25,5.5,4.32,10.28,9.82,16.75,5.4,4.75,1.5,18,4.9,5.75,1.62,20.38,5.07,5.46,1.92
"708","RJ Nembhard Jr.","Cavaliers",6,0,0.33,0.17,2,0.33,2.17,0,0.4,0.5,0,0,0.2,0.25,0,0.4,0.2,0.2,0
"709","RaiQuan Gray","Spurs",3,0.67,4.67,1.67,6,5.33,7.67,7.67,1.4,2,1,9.75,1.6,3.25,1.25,9.75,1.6,3.25,1.25
"710","Rajon Rondo","Cavaliers",30,1.3,2.43,0.93,1.77,3.73,2.7,3.2,2.4,6.6,0.8,4.5,1.9,5.3,0.9,5.86,2.47,5.57,0.93
"711","Raul Neto","Cavaliers",95,1.82,1.74,1.73,1.84,3.56,3.57,0.5,0,0.5,0,4.4,0.6,3.4,0,3.88,0.4,2.75,0
"712","RayJ Dennis","Pacers",4,0,0,0,4.25,0,4.25,5,0.2,1.5,1,3,0.4,1.75,0.5,1.88,0.47,1,0.38
"713","Rayan Rupert","Trail Blazers",50,0.84,0.74,0.94,2.8,1.58,3.74,4.4,0.6,0.8,0.4,3.14,0.3,0.57,0.29,2.44,0.2,0.44,0.22
"714","Rayjon Tucker","Bucks",4,0,2.5,0.75,2.5,2.5,3.25,0.67,0,0,0,0.25,0.3,0,0,1.55,0.53,0.82,0.27
"715","Reece Beekman","Nets",20,0.45,1.05,1.05,1.7,1.5,2.75,7.5,2.6,4.75,0.5,4.22,2.1,2.67,0.33,3.08,1.4,1.92,0.23
"716","Reed Sheppard","Rockets",34,0.97,2,0.62,1.94,2.97,2.56,0,0.2,0.5,0,2.8,0.4,1.2,0.8,2.8,0.27,1.2,0.8
"717","Reggie Bullock Jr.","Rockets",168,2.24,2.08,2.07,2.03,4.33,4.1,2.2,1.4,0.4,0.6,1.4,1,0.3,0.4,1.93,1.93,0.27,0.6
"718","Reggie Jackson","76ers",257,2.84,2.94,3,2.91,5.78,5.92,5.8,1.8,1.4,0.8,5.38,1.2,1,0.75,5.27,1.07,1.18,0.64
"719","Reggie Perry","Trail Blazers",10,1.6,2.5,1.7,3.4,4.1,5.1,10.6,4.6,2,0.2,10.12,4,1.25,0.25,9.2,3.92,1.2,0.3
"720","Richaun Holmes","Wizards",124,1.85,2.18,1.94,2.23,4.03,4.17,9,0.6,1,0,6.33,1.6,1,0,8,3.27,1.71,0
"721","Ricky Council IV","76ers",77,1.34,1.68,1.55,3.57,3.01,5.12,12.6,6.2,2.6,1,11.5,5.3,1.9,1.2,10.13,4.27,1.93,1.13
"722","Ricky Rubio","Cavaliers",62,2.03,2.6,3.05,2.26,4.63,5.31,0,1.2,1,0,2,1.5,3,0.25,3.31,1.4,3.08,0.23
"723","Rob Dillingham","Timberwolves",35,1.11,1.37,1.11,2.83,2.49,3.94,2.67,0.4,2.33,0.33,2,0.3,2,0.25,2.29,0.27,1.43,0.14
"724","Rob Edwards","Thunder",1,0,3,0,0,3,0,1.5,0.75,0,0.5,1.5,0.75,0,0.5,1.5,0.75,0,0.5
"725","Robert Covington","76ers",131,1.22,2.26,1.84,2.63,3.48,4.47,3.5,1,0,0,1.83,1.4,0.67,0,2.4,1.87,0.6,0.2
"726","Robert Williams III","Trail Blazers",154,2.53,2.45,2.23,1.38,4.97,3.6,NA,0,NA,NA,8,0.6,1,0,6,1.4,1.33,0
"727","Robert Woodard II","Spurs",3,0,0,0,2.33,0,2.33,2,0.2,0,0,0.5,0.9,0.75,0,0.33,0.67,0.5,0
"728","Robin Lopez","Bucks",68,1.24,1.68,1.43,1.43,2.91,2.85,2.67,0.4,0,0,1.6,0.2,0.2,0,1.43,0.2,0.29,0
"729","Rodney Hood","Clippers",33,1.12,1.21,0.76,1.85,2.33,2.61,4,0.6,1,1,3.2,0.4,0.6,0.6,3,0.53,0.86,0.43
"730","Rodney McGruder","Pistons",60,1.42,2.33,1.67,2.18,3.75,3.85,NA,0,NA,NA,7,0.4,0,1,14.5,2.33,1.5,3.33
"731","Romeo Langford","Spurs",78,2.01,1.5,1.33,1.76,3.51,3.09,3.5,0.8,0.75,0,6.11,1.8,0.67,0.33,6.54,2.13,1.08,0.38
"732","Ron Harper Jr.","Pistons",4,0.5,0,0,4.5,0.5,4.5,0,0,0,0,2,0.4,0.6,0.2,1.43,0.33,0.71,0.14
"733","Ronald Holland II","Pistons",71,0.83,2.83,0.75,2.06,3.66,2.8,2.25,0.8,0,0,3.67,1.9,0.44,0.11,4.21,2.2,0.86,0.07
"734","Royce O'Neale","Suns",295,2.23,2.32,2.2,1.86,4.55,4.05,6,4.4,2.2,1.6,7.1,4.8,2.6,1.9,7.53,4.53,2.73,2.2
"735","Rudy Gay","Jazz",101,1.86,2.05,1.6,1.8,3.91,3.41,7.8,1.2,1,1.4,7.2,3,1.5,1,7,2.67,1.2,0.8
"736","Rudy Gobert","Timberwolves",319,3.42,3.18,3.24,3.41,6.61,6.65,5.8,6.6,1.6,0,7.7,8,0.9,0,7.87,8.6,0.73,0
"737","Rui Hachimura","Lakers",251,3.38,3.54,3.05,2.54,6.92,5.59,14.8,4.6,1,3,12.4,4.3,0.9,2.3,13.47,4.8,1.2,2.2
"738","Russell Westbrook","Nuggets",310,3.65,3.75,3.65,3.47,7.41,7.12,6.4,3.2,2,1,12,3.5,2.9,1.4,12.13,3.73,2.8,1.47
"739","Ryan Arcidiacono","Knicks",10,0.5,0.6,0.5,2.6,1.1,3.1,0,0.2,0,0,0,0.2,0.2,0,0,0.13,0.14,0
"740","Ryan Dunn","Suns",56,2.29,2.14,2.12,1.66,4.43,3.79,11.4,7,1,1.8,12.3,5.6,0.9,1.9,9.85,4,0.77,1.54
"741","Ryan Rollins","Bucks",55,1.02,1.04,1.45,2.75,2.05,4.2,3.33,0.4,1.33,0.67,7.38,2,3.88,1.12,6.25,1.87,3.08,1
"742","Saben Lee","Suns",71,0.99,1.14,1.58,2.35,2.13,3.93,1.25,0.2,0.25,0,2.11,0.8,1.33,0.11,3.08,1.27,1.38,0.15
"743","Saddiq Bey","Hawks",227,3.72,3.38,3.81,3.63,7.1,7.44,16,6.8,1.6,1.8,14.6,6.1,1.4,1.9,16.13,6.47,1.47,2.13
"744","Sam Hauser","Celtics",242,1.95,1.96,2.09,2.18,3.91,4.27,5.5,1.2,0.5,1.25,5.33,1.7,0.56,1.44,7.57,2.47,0.5,1.93
"745","Sam Merrill","Cavaliers",125,1.78,2.74,1.5,2.42,4.53,3.93,6.25,2.4,1.75,1.75,6.11,2.2,1.89,1.89,5.36,2.33,1.64,1.5
"746","Sandro Mamukelashvili","Spurs",132,1.1,1.37,1.15,3.27,2.47,4.42,7.2,2.6,0.8,1,9.2,3.7,1.2,1.6,8.2,3.33,1.2,1.4
"747","Santi Aldama","Grizzlies",229,3.13,2.66,2.63,1.8,5.79,4.43,13.2,6.4,1.8,2.2,12.1,5.4,2.3,2.1,12.2,5.47,3.13,1.87
"748","Sasha Vezenkov","Kings",37,1.27,1.51,1.38,1.97,2.78,3.35,1.75,1.2,0,0.25,3.25,1.1,0.38,0.75,4.23,1.27,0.38,1
"749","Scoot Henderson","Trail Blazers",125,3.74,3.31,3.5,2.86,7.05,6.36,11,0.4,5,2,12.14,2,4.14,1.71,13.08,2.53,4.17,1.58
"750","Scottie Barnes","Raptors",273,4.28,4.1,4.11,4.67,8.38,8.78,19.2,6.6,4.4,0.6,18.89,7,4.11,0.56,18.62,6.47,4.46,0.62
"751","Scottie Lewis","Hornets",1,0,0,0,1,0,1,0.5,0,0.5,0,0.5,0,0.5,0,0.5,0,0.5,0
"752","Scotty Hopson","Thunder",1,0,2,2,0,2,2,4,0.25,1,0,4,0.25,1,0,4,0.25,1,0
"753","Scotty Pippen Jr.","Grizzlies",101,2.83,2.73,2.51,2.58,5.56,5.1,16.4,5.4,3.8,2,14.6,4.4,4.2,2.1,13.93,4.13,4.93,2
"754","Sekou Doumbouya","Lakers",2,0,0,0,7,0,7,7,1.2,0,0.5,7,1,0,0.5,7,1,0,0.5
"755","Semi Ojeleye","Clippers",19,1.11,0.53,1,2.53,1.63,3.53,5,1.4,0.33,0.33,5.4,1.4,0.8,0.4,4.25,0.93,0.5,0.38
"756","Serge Ibaka","Bucks",62,2.13,2,1.34,1.63,4.13,2.97,4,0.4,0,0,4,0.2,0,0,3,0.27,0,0
"757","Seth Curry","Hornets",196,2.96,3.02,2.73,2.65,5.97,5.38,10.2,0.8,1.6,1.6,7.5,0.9,1.4,1.3,6.71,1.4,1.21,1.29
"758","Seth Lundy","Hawks",6,0,0.5,0,1.83,0.5,1.83,NA,0,NA,NA,1.5,0.2,0,0.5,1.5,0.27,0,0.25
"759","Shaedon Sharpe","Trail Blazers",172,3.89,3.71,3.31,3.42,7.6,6.73,24.75,6.6,2.75,2,19.89,6.5,3.22,2,19.5,6.33,2.93,1.79
"760","Shai Gilgeous-Alexander","Thunder",310,8.93,5.79,9.7,5.14,14.72,14.85,28,4.4,5.6,0.8,30,5,6.3,1.4,31.13,4.67,6.47,1.4
"761","Shake Milton","Lakers",214,1.8,2.15,1.66,2.2,3.95,3.86,0,0,0,0,0.5,0.2,0,0,1.38,0.67,0.62,0
"762","Shaq Buchanan","Grizzlies",1,0,2,0,0,2,0,1,0.67,1,0,1,0.67,1,0,1,0.67,1,0
"763","Shaquille Harrison","Grizzlies",9,1.44,1.33,1.33,2.56,2.78,3.89,0.67,0.4,0,0,0.4,0.2,0.2,0,1.33,0.27,1,0.11
"764","Sharife Cooper","Cavaliers",3,0,0,0,2.33,0,2.33,NA,0,NA,NA,0,0,0,0,0,0,0,0
"765","Sidy Cissoko","Trail Blazers",14,0.71,0.86,0.86,2.57,1.57,3.43,1,1.8,1.67,0,0.6,0.9,1,0,1.25,0.73,0.62,0
"766","Simone Fontecchio","Pistons",159,2.33,2.21,2.47,1.93,4.53,4.4,NA,0,NA,NA,2.75,0.5,0,0.25,6.67,1.6,0.78,1.22
"767","Skal Labissiere","Kings",1,0,0,0,5,0,5,1.25,0.4,0,0.25,0.62,0.3,0.12,0.12,0.62,0.3,0.12,0.12
"768","Skylar Mays","Lakers",42,1.86,1.69,1.62,2.71,3.55,4.33,0,0,0.25,0,0.33,0,0.33,0,0.25,0.07,0.25,0
"769","Solomon Hill","Hawks",2,0,2.5,1.5,0,2.5,1.5,0.4,1.8,0.6,0,0.29,1,0.57,0,0.2,1.07,0.8,0
"770","Spencer Dinwiddie","Mavericks",303,3.06,3.55,3.67,3.47,6.62,7.14,13.8,3.6,6.8,1.2,15.3,3.7,5.5,1.5,13.4,3.07,5.07,1.27
"771","Spencer Jones","Nuggets",5,0.6,1.2,0,2.6,1.8,2.6,4.25,1.2,0.5,0,3.4,0.6,0.4,0,2.43,0.53,0.29,0
"772","Stanley Johnson","Spurs",74,1.53,1.16,1.86,2.12,2.69,3.99,6.4,4.2,1.8,0.4,5.8,4.2,1.7,0.3,5.13,3.73,2.33,0.33
"773","Stanley Umude","Bucks",20,1.05,0.85,1.9,3.25,1.9,5.15,0,0.2,1,0,1.33,0.2,0.33,0,0.86,0.13,0.14,0
"774","Stephen Curry","Warriors",307,6.25,6.25,7.34,6.35,12.5,13.69,13,0.2,1,3,21.67,3.1,4.83,3.83,23.36,4.27,5.09,3.91
"775","Stephon Castle","Spurs",73,3.49,3.44,3.93,3.86,6.93,7.79,19,4.4,7.4,1.2,19.6,5,7.2,1.3,19.27,4.6,5.8,1.4
"776","Sterling Brown","Lakers",37,0.57,1.32,1,1.73,1.89,2.73,0,1.6,0.5,0,1,1.2,0.67,0,0.55,1,0.36,0
"777","Steven Adams","Rockets",170,2.31,1.73,1.75,0.89,4.04,2.64,6.6,6.2,0.6,0,5.25,5.4,0.62,0,4.42,5.13,0.75,0
"778","Svi Mykhailiuk","Jazz",123,1.37,2.2,1.68,2.42,3.58,4.11,11.5,1.8,2.25,1.75,9,1.4,2,1.5,9.12,1.13,2.75,1.62
"779","T.J. McConnell","Pacers",276,2.36,2.66,2.19,2.52,5.03,4.71,12.8,4.2,4,0.2,10,3.4,4,0.5,9.67,3.2,3.93,0.4
"780","T.J. Warren","Timberwolves",46,1.52,3.02,1.48,2.04,4.54,3.52,NA,0,NA,NA,0,0.2,1,0,0,0.2,0.5,0
"781","Tacko Fall","Cavaliers",5,1,0,0,1.4,1,1.4,1.5,1.6,1,0,2.25,1.8,0.5,0,1.43,1.33,0.29,0
"782","Taj Gibson","Hornets",108,1.5,1.51,1.05,0.82,3.01,1.87,3.2,1.6,0.2,0,3.2,0.8,0.2,0,3.25,0.73,0.38,0
"783","Talen Horton-Tucker","Bulls",204,2.07,2.81,2.19,3.45,4.88,5.64,14,2.2,2.2,1.2,11.67,1.1,1.83,1,7.1,1,1.3,0.6
"784","Tari Eason","Rockets",158,2.06,2.8,2.51,3.03,4.86,5.53,6.6,4,0.8,1,8,3.9,1.11,1.11,11.23,4.8,1.46,1.15
"785","Taurean Prince","Bucks",275,2.24,2.62,2.31,1.7,4.86,4,1.2,1,1.6,0.4,5.7,1.9,1.5,1.3,6.4,2.47,1.33,1.2
"786","Taylor Hendricks","Jazz",37,1.54,2.24,2.05,2.43,3.78,4.49,7.5,4.6,1,1.25,6.67,4.2,1.33,1.33,8.57,4.73,1.29,1.79
"787","Taze Moore","Trail Blazers",6,0.33,0,0.83,2.83,0.33,3.67,2,0.8,0,0,6,1.6,1.67,0.67,2.86,1.07,0.86,0.29
"788","Terance Mann","Hawks",297,2.46,2.31,2.52,2.07,4.77,4.6,4.8,2.8,1.6,0.4,7.7,2.6,1.6,0.8,9.07,2.93,2,0.93
"789","Terence Davis","Kings",82,1.94,2.54,2.41,2.45,4.48,4.87,8,1.4,1.67,2,5.33,1.2,1,1.33,6.8,1.07,1.1,1.6
"790","Terquavion Smith","76ers",9,0.33,0.56,0,4.89,0.89,4.89,0.25,0.2,0.25,0,1,0.2,0.33,0.17,0.86,0.13,0.29,0.14
"791","Terrence Ross","Suns",117,2.11,2.89,2.02,2.96,5,4.97,5.5,1.2,0.25,1.5,4.4,0.7,0.2,1.2,5.3,1.6,1.4,0.9
"792","Terrence Shannon Jr.","Timberwolves",25,1.44,2.44,0.64,2.64,3.88,3.28,9.25,1,0.25,0.75,6.5,0.5,0.33,0.5,4.56,0.67,0.33,0.33
"793","Terry Rozier","Heat",256,4.29,4.24,4.79,4.65,8.54,9.44,NA,0,NA,NA,1,0.4,1.5,0,2.8,0.53,2,0.4
"794","Terry Taylor","Kings",61,1.16,1.82,1.84,2.61,2.98,4.44,2,0.6,0.5,0,0.8,0.3,0.4,0,0.86,0.27,0.43,0
"795","Thaddeus Young","Suns",116,1.06,1.85,1.09,2.16,2.91,3.25,2.5,0.2,0,0,1,0.6,0.4,0,1.83,1,0.67,0
"796","Thanasis Antetokounmpo","Bucks",58,0.71,0.59,0.38,2.79,1.29,3.17,0,0,0,0,1,0,0.5,0,0.86,0.07,0.43,0
"797","Theo Maledon","Suns",87,1.45,2.17,1.7,2.84,3.62,4.54,0,0,0,0,1.25,0.1,0,0,1.25,0.07,0,0
"798","Theo Pinson","Mavericks",26,0.54,1.38,0.58,3,1.92,3.58,15.5,4,7.5,3.5,10.33,2.2,5.33,2.33,6.2,1.6,3.4,1.4
"799","Thomas Bryant","Pacers",180,1.74,2.22,1.83,2.3,3.96,4.13,1,0.2,0.25,0.25,2.62,0.6,0.12,0.62,3.25,0.73,0.08,0.58
"800","Tidjane Salaun","Hornets",42,1.74,1.31,1.79,1.74,3.05,3.52,8.4,5.8,2.6,1.6,6.6,4.5,1.7,1.1,6.6,4.93,1.47,1
"801","Tim Frazier","Cavaliers",6,0.5,1.5,2,2.5,2,4.5,1,0,0.5,0,2.29,1,2.43,0.14,3.25,1.27,2.83,0.5
"802","Tim Hardaway Jr.","Pistons",269,3.53,3.57,3.55,2.67,7.1,6.21,10.6,3,1.2,2.6,10.7,2,1,2.3,10.67,2.53,0.93,2.4
"803","Timmy Allen","Grizzlies",5,0.4,0.8,0.4,1,1.2,1.4,2.6,3.4,1,0,2.6,3.4,1,0,2.6,3.4,1,0
"804","Timothe Luwawu-Cabarrot","Hawks",36,1.75,1.22,1.36,2.39,2.97,3.75,1.25,0.6,0.5,0.25,1.88,1.2,0.38,0.38,5.23,1.93,0.92,0.77
"805","Tobias Harris","Pistons",320,4.82,4.1,3.55,3.11,8.93,6.66,13.8,8,0.6,1.2,14.2,6.7,1.1,1.4,14.73,7.27,1.27,1.4
"806","Tomas Satoransky","Wizards",41,0.85,1.63,0.98,1.37,2.49,2.34,6.6,2.4,7.2,0.4,5.3,3.5,7.9,0.2,5.27,3.13,6,0.33
"807","Tony Bradley","Pacers",60,0.82,0.98,0.53,1.83,1.8,2.37,3,1.4,0,0,2.8,1,0,0,2.12,1.13,0.12,0
"808","Tony Snell","Pelicans",32,1.19,1.97,1.38,1.31,3.16,2.69,NA,0,NA,NA,5,0.1,1,0.67,4.4,0.2,0.6,0.6
"809","Torrey Craig","Celtics",210,2.3,1.61,2.08,1.61,3.91,3.69,1,1,1,0.33,1.5,0.5,0.75,0.5,1.57,1.2,1.29,0.43
"810","Tosan Evbuomwan","Nets",39,2.03,2.15,1.72,2.46,4.18,4.18,10.25,3.4,2,1,9.33,3.7,2,0.67,9.14,3.67,2,0.79
"811","Toumani Camara","Trail Blazers",134,2.63,2.27,2.8,2.17,4.9,4.97,14.6,5.2,2.4,2.2,14.44,3.9,2.67,2.44,13.29,4.8,2.57,2.14
"812","Trae Young","Hawks",292,6.41,5.76,7.5,6.06,12.17,13.57,28.8,3,11.4,3.4,27.4,3.4,10.6,3.4,28.21,3.33,11.07,2.79
"813","Trayce Jackson-Davis","Warriors",121,1.74,1.9,2.3,2.12,3.64,4.41,7.25,2.6,0.5,0,4.38,1.9,0.25,0,4.55,1.93,0.36,0
"814","Tre Jones","Bulls",249,1.97,2.63,2.39,2.55,4.6,4.94,16.4,4.4,8,1,14.5,4.3,7,0.8,12.27,3.47,5.47,0.73
"815","Tre Mann","Hornets",166,2.36,2.87,2.31,2.68,5.23,4.99,10,1.8,1.5,1.5,11.22,2.3,2.89,1.33,13.86,2.8,3.21,1.93
"816","Tremont Waters","Wizards",2,3.5,0,0,1.5,3.5,1.5,3.33,1.33,2.33,0.67,3.33,1.33,2.33,0.67,3.33,1.33,2.33,0.67
"817","Trendon Watford","Nets",194,1.86,2.02,1.93,2.6,3.88,4.54,16.6,4.6,3,1.2,14.33,3.2,3.22,0.89,12.31,3.53,3.31,0.92
"818","Trent Forrest","Hawks",74,1.08,1.36,0.95,1.07,2.45,2.01,3,1,3.5,0,2.67,0.6,2.33,0,2.5,0.8,3.25,0
"819","Trentyn Flowers","Clippers",1,0,0,0,9,0,9,0,0,0,0,3,0.4,0,0,3,0.33,0,0
"820","Trevelin Queen","Magic",39,0.38,0.97,1.36,3.82,1.36,5.18,15,1.4,2.5,3,8.5,1,1.25,1.5,6,0.8,0.86,0.86
"821","Trevon Scott","Cavaliers",1,0,0,0,6,0,6,3,0.67,0,0,3,0.67,0,0,3,0.67,0,0
"822","Trevor Ariza","Lakers",19,1,2.32,0.58,1,3.32,1.58,6,2.2,2,0,6,1.1,2,0,6,0.73,2,0
"823","Trevor Hudgins","Rockets",3,0,0,0,3,0,3,1,0,0,0.33,1.5,0,0.75,0.25,1.5,0,0.75,0.25
"824","Trevor Keels","Knicks",1,0,0,0,3,0,3,NA,0,NA,NA,1.5,0.1,0,0.5,1,0.17,0,0.33
"825","Trey Alexander","Nuggets",8,0.38,0,0,2,0.38,2,1,0,1,0,1.25,0.5,0.5,0,1.43,0.4,0.43,0.14
"826","Trey Burke","Mavericks",38,1.21,1.29,1.29,2.68,2.5,3.97,6.5,0,1,1,3.17,0.1,0.33,0.33,3.25,0.13,0.5,0.38
"827","Trey Jemison III","Lakers",47,1.64,1.06,1.47,1.43,2.7,2.89,2,2.4,0.2,0,3.1,3,0.3,0,3.5,2.6,0.29,0
"828","Trey Lyles","Kings",254,2.1,2.76,1.86,2.02,4.85,3.88,6.4,6.8,0.8,0.8,8.2,6.2,1.5,1.1,7.2,5.4,1.53,1
"829","Trey Murphy III","Pelicans",247,3.85,3.45,3.83,3.34,7.3,7.17,17,4,2,2,17.3,4.5,3.1,1.9,17.87,5,3.87,2.33
"830","Tristan Thompson","Cavaliers",115,0.98,1.48,0.95,1.73,2.46,2.68,3,1.2,0,0,2.33,1.5,0.33,0,1.75,1.27,0.25,0
"831","Tristan Vukcevic","Wizards",30,2.17,2.33,1.6,3.8,4.5,5.4,10,3.4,1.4,1,12,3,1.29,1.29,11,2.93,1.2,1.3
"832","Tristan da Silva","Magic",60,2.77,2.13,1.85,1.85,4.9,3.7,0,0.8,0.5,0,4.2,1,1,0.2,4.2,1.47,0.8,0.4
"833","Tristen Newton","Timberwolves",2,0,0,0,2.5,0,2.5,0,0,0,0,0,0.3,0.33,0,0,0.27,0.2,0
"834","Troy Brown Jr.","Pistons",175,1.73,1.34,1.51,1.73,3.07,3.25,5,3.4,1.2,1,4.5,3.8,1.3,0.8,4.53,3.73,1.2,0.73
"835","Ty Jerome","Cavaliers",160,1.89,3.05,1.96,2.94,4.94,4.89,8,1.6,2.6,0.8,12.3,2.2,3.7,1.7,13,1.93,3.67,1.4
"836","TyTy Washington Jr.","Suns",33,0.67,1.61,1.21,2.27,2.27,3.48,1,0,1,0.33,0.6,0,0.6,0.2,1.75,0.27,0.75,0.25
"837","Tyler Cook","Bulls",15,0.87,1.2,0.87,1.53,2.07,2.4,3,0.2,0,0,1,0.2,0,0,1.86,0.6,0,0
"838","Tyler Dorsey","Mavericks",1,0,0,0,9,0,9,0,0,0,0,3,0.22,0,0.33,3,0.22,0,0.33
"839","Tyler Herro","Heat",276,5.13,5.67,5.03,4.91,10.8,9.93,21.8,3.8,3,2.4,22.5,3.7,3.6,2.5,22.13,3.8,4,2.27
"840","Tyler Johnson","Spurs",5,1,0.6,1.2,0.6,1.6,1.8,3,0.8,1.5,1,2.83,1.33,1.17,0.83,2.83,1.33,1.17,0.83
"841","Tyler Kolek","Knicks",20,0.15,1.35,0.15,1.9,1.5,2.05,0,0,3,0,1,0.1,1,0.33,1,0.07,1,0.33
"842","Tyler Smith","Bucks",9,0.33,0.11,0.33,4.11,0.44,4.44,0,0,0,0,0,0,0,0,0,0.07,0,0
"843","Tyrell Terry","Grizzlies",1,0,0,0,2,0,2,1,0,0,0,1,0,0,0,1,0,0,0
"844","Tyrese Haliburton","Pacers",306,4.39,4.47,5.44,4.22,8.85,9.65,13.4,3.8,5.8,2.2,15.9,5.2,7.5,2.3,17.73,5.27,7.8,2.6
"845","Tyrese Martin","Nets",59,2.44,1.34,2.07,2.56,3.78,4.63,11,1.8,3.67,2,10.75,2.7,3.5,2,10.62,2.8,2.92,2
"846","Tyrese Maxey","76ers",288,5.3,5.49,5.79,5.46,10.8,11.25,NA,0,NA,NA,NA,0,NA,NA,16.8,0.6,5.8,1.4
"847","Tyrone Wallace","Pelicans",4,0.5,1.5,0.5,1.75,2,2.25,1.33,0.6,0,0,2.83,0.89,0.17,0.33,2.83,0.89,0.17,0.33
"848","Tyson Etienne","Nets",3,1,1.33,3.67,1,2.33,4.67,7,1.2,1,1.67,7,1.2,1,1.67,7,1.2,1,1.67
"849","Tyus Jones","Suns",295,2.97,2.92,2.71,2.04,5.89,4.75,9,2.6,2.4,2.2,10.5,2.3,3.1,2.8,9.4,2.07,3.53,2.47
"850","Udoka Azubuike","Suns",43,1.19,1.3,1.12,1.98,2.49,3.09,0,0,0,0,0,0,0,0,0.4,0.47,0,0
"851","Udonis Haslem","Heat",12,1.83,0.33,1.17,1.58,2.17,2.75,0,0,0,0,0,0,0,0,0,0,0,0
"852","Ulrich Chomche","Raptors",3,0,0,0,1.67,0,1.67,0.75,0.8,0.25,0,0.5,0.7,0.33,0,0.71,0.53,0.29,0
"853","Usman Garuba","Warriors",69,0.64,1.06,0.87,1.43,1.7,2.3,0.33,1,0.33,0,0.6,0.8,0.2,0,0.56,0.87,0.22,0
"854","Vasilije Micic","Suns",84,1.36,2.82,1.8,2.23,4.18,4.02,0,0.4,0,0,0,0.2,0,0,0,0.13,0,0
"855","Vernon Carey Jr.","Wizards",7,0.86,0.57,0.86,1.43,1.43,2.29,2,0.6,1,0,1,0.6,0.5,0,0.75,0.67,0.38,0
"856","Victor Oladipo","Grizzlies",66,2.03,3.12,2.12,3.77,5.15,5.89,7.67,1.4,0.67,0.67,12,1,2.5,2.33,11,0.93,2.5,2
"857","Victor Wembanyama","Team Chuck",119,5.74,5.48,5.4,5.46,11.22,10.87,16.6,8.8,2.4,1.6,20.3,10.3,2.7,2.1,20.4,10.67,2.87,2.4
"858","Vince Williams Jr.","Grizzlies",77,2.51,2.12,2.32,2.21,4.62,4.53,3.5,1.6,1.25,1,4.33,2.5,1.67,1,4.07,2.67,1.79,0.79
"859","Vit Krejci","Hawks",95,1.6,2.25,1.71,2,3.85,3.71,7,3,1.6,1.8,7.1,2.9,2.4,1.8,8.07,3.33,2.8,2.07
"860","Vlatko Cancar","Nuggets",57,1.49,2.07,1.37,1.72,3.56,3.09,NA,0,NA,NA,0,0.2,0,0,0,0.13,0,0
"861","Walker Kessler","Jazz",190,2.28,2.25,2.59,2.34,4.54,4.94,6,7.4,2.75,0.25,8.43,8,2.43,0.29,11.33,10.53,2.25,0.17
"862","Wayne Ellington","Lakers",40,0.75,2.15,1.43,2.8,2.9,4.23,11.33,1.8,0.33,2.33,11.33,0.9,0.33,2.33,8.5,0.93,1,2
"863","Wayne Selden","Knicks",1,0,1,0,4,1,4,2.5,0.2,0.5,0.5,2.5,0.1,0.5,0.5,2.5,0.07,0.5,0.5
"864","Wendell Carter Jr.","Magic",248,3.83,2.85,3.67,2.08,6.67,5.75,10.2,10.8,1.2,0.6,11.89,7.9,1.33,1,11.36,7.87,1.21,1
"865","Wendell Moore Jr.","Hornets",43,0.44,0.65,1.12,2.26,1.09,3.37,5.4,3.8,2,0.4,4.22,2.7,1.67,0.56,4.77,2.73,1.23,0.54
"866","Wenyen Gabriel","Grizzlies",88,1.7,1.5,1.43,1.42,3.2,2.85,0.4,2,0.2,0,2.12,2.5,0.38,0.12,1.8,1.87,0.3,0.1
"867","Wes Iwundu","Hawks",3,2.67,0,2,2.67,2.67,4.67,7.33,4.33,0,1,7.33,4.33,0,1,7.33,4.33,0,1
"868","Wesley Matthews","Hawks",125,0.99,1.5,1.38,1.1,2.5,2.47,0.67,0,0.67,0,2.67,0.7,1,0.33,3.64,1.13,0.82,0.91
"869","Will Barton","Raptors",121,3.36,3.17,3.29,2.49,6.53,5.78,7.8,1.6,1,1.8,5.4,2.1,1.1,1,4.93,1.67,1.07,0.93
"870","Willie Cauley-Stein","Rockets",9,1,0.67,1.67,0.44,1.67,2.11,NA,0,NA,NA,0,0.2,0.5,0,2.57,0.8,0.43,0.14
"871","Willy Hernangomez","Pelicans",80,2.46,1.58,2.17,2.75,4.04,4.92,NA,0,NA,NA,3,0.5,0.5,0,3.25,0.6,0.25,0.25
"872","Xavier Cooks","Wizards",6,0.83,0.5,0.67,4.33,1.33,5,6.8,6.4,1,0,4.22,3.6,0.67,0,3.8,3.17,0.6,0
"873","Xavier Moon","Clippers",16,0,1.12,0.69,4.31,1.12,5,5.5,2.4,3.5,0.5,4.4,1.3,2.8,0.4,2.67,1,1.89,0.22
"874","Xavier Sneed","Hornets",6,0.33,0,1.33,2,0.33,3.33,4.25,1,1.25,0.75,2.43,0.7,0.86,0.43,2.11,0.53,0.67,0.33
"875","Xavier Tillman","Celtics",176,1.45,1.35,1.52,1.93,2.8,3.45,2,0.6,0,0,2,0.3,0,0,1,0.2,0,0
"876","Yongxi Cui","Nets",2,0,0,0,1.5,0,1.5,1,0.4,0,0,0.67,0.2,0,0,0.5,0.13,0,0
"877","Yuki Kawamura","Grizzlies",6,0,0,0,4,0,4,0,0,0,0,0,0.1,0.5,0,1.67,0.33,1,0.33
"878","Yuri Collins","Warriors",1,0,0,0,2,0,2,0,0,0,0,0.25,0.38,0.5,0,0.25,0.38,0.5,0
"879","Yuta Watanabe","Grizzlies",104,0.84,1.41,1.35,2.26,2.25,3.61,0,0.4,1,0,2.6,0.9,1,0.2,2.5,0.6,0.62,0.25
"880","Yves Missi","Pelicans",64,2.88,1.91,2.89,1.83,4.78,4.72,11.25,6.8,1.75,0,10.86,6.1,1.14,0,11.17,5.67,1.25,0
"881","Yves Pons","Grizzlies",4,0,0,0,3.25,0,3.25,2.67,1.2,0.33,0.67,1.67,0.7,0.17,0.33,1.67,0.47,0.17,0.33
"882","Zaccharie Risacher","Hawks",69,3.61,2.61,3.52,1.97,6.22,5.49,10.4,2.4,1,1,12.3,3.1,1.2,1.6,11.8,3.47,1.07,1.67
"883","Zach Collins","Bulls",210,2.91,2.76,2.31,2.04,5.68,4.35,5.6,7.4,2.8,0.4,7.4,6,2.1,0.4,7.53,6.73,2.13,0.67
"884","Zach Edey","Grizzlies",67,2.76,2.22,2.42,1.72,4.99,4.13,7.8,9.6,1.8,0,9.6,11.4,1.4,0,9.33,9.6,1.4,0
"885","Zach LaVine","Kings",243,5.71,5.6,6.62,5.73,11.31,12.35,27.2,2.8,4.4,4.8,23.3,2.9,4,3.5,23.33,3.27,3.8,3.47
"886","Zavier Simpson","Grizzlies",10,2,2.1,1.7,2.8,4.1,4.5,8,3.4,3.6,1,7.38,2.9,4,0.75,7.82,3.15,5,0.55
"887","Zeke Nnaji","Nuggets",158,0.95,1.73,0.91,2.16,2.68,3.07,0,0.4,0,0,1.2,0.6,0.4,0.2,1.17,0.47,0.33,0.17
"888","Ziaire Williams","Nets",198,2.29,2.41,2.18,2.14,4.71,4.32,6.67,2.2,1.33,1,11.71,2.9,1.14,2.43,11.58,3.4,1.33,2.42
"889","Zion Williamson","Pelicans",130,5.39,5.98,6.43,6.21,11.37,12.64,24.2,6.2,6.2,0,25.44,6.1,6.67,0,25.46,6.13,5.85,0.08
