"Batter_Name","where_caught","count_of_where_caught"
"Ayush Badoni","deep fine leg",5
"Ayush Badoni","deep mid-wicket",3
"Ayush Badoni","mid-on",3
"Ayush Badoni","point",3
"Ayush Badoni","deep square leg",2
"Ayush Badoni","long-off",2
"Ayush Badoni","third man",2
"Ayush Badoni","cover",1
"Ayush Badoni","gully",1
"Ayush Badoni","mid-off",1
"Ayush Badoni","mid-wicket",1
"Ayush Badoni","slip",1
"Ayush Badoni","wicket-keeper",1
"A Kamboj","gully",1
"Abhinav Manohar","long-off",3
"Abhinav Manohar","deep cover",2
"Abhinav Manohar","mid-on",2
"Abhinav Manohar","third man",2
"Abhinav Manohar","cover",1
"Abhinav Manohar","gully",1
"Abhinav Manohar","mid-off",1
"Abhinav Manohar","slip",1
"A Mhatre","deep cover",1
"A Mhatre","deep fine leg",1
"A Mhatre","deep square leg",1
"A Mhatre","gully",1
"A Mhatre","mid-off",1
"A Mhatre","mid-wicket",1
"A Mhatre","wicket-keeper",1
"Amit Mishra","deep square leg",1
"Anrich Nortje","square leg",1
"Angkrish Raghuvanshi","cover",2
"Angkrish Raghuvanshi","gully",2
"Angkrish Raghuvanshi","long-on",2
"Angkrish Raghuvanshi","square leg",2
"Angkrish Raghuvanshi","wicket-keeper",2
"Angkrish Raghuvanshi","deep cover",1
"Angkrish Raghuvanshi","deep fine leg",1
"Angkrish Raghuvanshi","mid-on",1
"Angkrish Raghuvanshi","point",1
"Angkrish Raghuvanshi","slip",1
"Abhijeet Tomar","deep mid-wicket",1
"AA Kulkarni","gully",1
"Andre Russell","long-on",3
"Andre Russell","mid-wicket",3
"Andre Russell","deep mid-wicket",2
"Andre Russell","long-off",2
"Andre Russell","mid-off",2
"Andre Russell","slip",2
"Andre Russell","third man",2
"Andre Russell","cover",1
"Andre Russell","deep fine leg",1
"Andre Russell","deep square leg",1
"Andre Russell","fine leg",1
"Andre Russell","mid-on",1
"Andre Russell","point",1
"Aaron Finch","cover",1
"Aaron Finch","long-off",1
"Aaron Finch","mid-on",1
"Ashton Turner","non-striker's end",1
"Aiden Markram","deep fine leg",5
"Aiden Markram","long-on",3
"Aiden Markram","cover",2
"Aiden Markram","deep mid-wicket",2
"Aiden Markram","fine leg",2
"Aiden Markram","mid-on",2
"Aiden Markram","mid-wicket",2
"Aiden Markram","point",2
"Aiden Markram","square leg",2
"Aiden Markram","deep cover",1
"Aiden Markram","gully",1
"Aiden Markram","long-off",1
"Aiden Markram","slip",1
"Aiden Markram","wicket-keeper",1
"Ajinkya Rahane","gully",4
"Ajinkya Rahane","deep fine leg",3
"Ajinkya Rahane","mid-wicket",3
"Ajinkya Rahane","slip",3
"Ajinkya Rahane","square leg",3
"Ajinkya Rahane","wicket-keeper",3
"Ajinkya Rahane","mid-off",2
"Ajinkya Rahane","mid-on",2
"Ajinkya Rahane","cover",1
"Ajinkya Rahane","deep cover",1
"Ajinkya Rahane","deep square leg",1
"Ajinkya Rahane","fine leg",1
"Ajinkya Rahane","long-off",1
"Ajinkya Rahane","non-striker's end",1
"Ajinkya Rahane","point",1
"Ajinkya Rahane","third man",1
"Axar Patel","deep mid-wicket",4
"Axar Patel","gully",3
"Axar Patel","mid-wicket",3
"Axar Patel","long-off",2
"Axar Patel","slip",2
"Axar Patel","cover",1
"Axar Patel","deep cover",1
"Axar Patel","deep fine leg",1
"Axar Patel","deep square leg",1
"Axar Patel","mid-on",1
"Axar Patel","point",1
"Axar Patel","third man",1
"Alzarri Joseph","third man",1
"Anukul Roy","deep fine leg",1
"Anukul Roy","point",1
"Anukul Roy","wicket-keeper",1
"Ambati Rayudu","mid-on",4
"Ambati Rayudu","long-off",2
"Ambati Rayudu","mid-off",2
"Ambati Rayudu","deep cover",1
"Ambati Rayudu","deep fine leg",1
"Ambati Rayudu","mid-wicket",1
"Ambati Rayudu","non-striker's end",1
"Ambati Rayudu","slip",1
"Ambati Rayudu","wicket-keeper",1
"Adil Rashid","gully",1
"Abdul Samad","non-striker's end",3
"Abdul Samad","slip",3
"Abdul Samad","mid-on",2
"Abdul Samad","cover",1
"Abdul Samad","deep cover",1
"Abdul Samad","deep mid-wicket",1
"Abdul Samad","fine leg",1
"Abdul Samad","gully",1
"Abdul Samad","long-off",1
"Abdul Samad","mid-off",1
"Abdul Samad","third man",1
"Abhishek Sharma","deep fine leg",4
"Abhishek Sharma","deep mid-wicket",4
"Abhishek Sharma","long-on",4
"Abhishek Sharma","mid-off",4
"Abhishek Sharma","mid-on",4
"Abhishek Sharma","slip",4
"Abhishek Sharma","square leg",4
"Abhishek Sharma","point",3
"Abhishek Sharma","wicket-keeper",3
"Abhishek Sharma","cover",2
"Abhishek Sharma","deep cover",2
"Abhishek Sharma","fine leg",2
"Abhishek Sharma","long-off",2
"Abhishek Sharma","third man",2
"Abhishek Sharma","gully",1
"Abhishek Sharma","mid-wicket",1
"Abhishek Sharma","non-striker's end",1
"Abhishek Porel","cover",3
"Abhishek Porel","gully",3
"Abhishek Porel","deep cover",2
"Abhishek Porel","deep square leg",2
"Abhishek Porel","mid-wicket",2
"Abhishek Porel","square leg",2
"Abhishek Porel","fine leg",1
"Abhishek Porel","long-off",1
"Abhishek Porel","long-on",1
"Abhishek Porel","mid-off",1
"Abhishek Porel","slip",1
"Abhishek Porel","third man",1
"Abhishek Porel","wicket-keeper",1
"Akash Deep","deep square leg",1
"Akash Deep","gully",1
"Akash Deep","non-striker's end",1
"Aman Hakim Khan","deep cover",2
"Aman Hakim Khan","long-on",2
"Aman Hakim Khan","third man",2
"Aman Hakim Khan","slip",1
"Aniket Verma","slip",2
"Aniket Verma","mid-off",1
"Aniket Verma","mid-wicket",1
"Aniket Verma","point",1
"Aniket Verma","square leg",1
"Aniket Verma","third man",1
"Aniket Verma","wicket-keeper",1
"Anmolpreet Singh","deep fine leg",2
"Anmolpreet Singh","cover",1
"Anmolpreet Singh","deep cover",1
"Anmolpreet Singh","fine leg",1
"Anmolpreet Singh","mid-wicket",1
"Anmolpreet Singh","non-striker's end",1
"Anuj Rawat","deep cover",2
"Anuj Rawat","mid-on",2
"Anuj Rawat","deep fine leg",1
"Anuj Rawat","mid-off",1
"Anuj Rawat","mid-wicket",1
"Anuj Rawat","slip",1
"Anuj Rawat","third man",1
"Arjun Tendulkar","deep cover",1
"Arshad Khan","deep square leg",1
"Arshad Khan","point",1
"Arshad Khan","slip",1
"Arshdeep Singh","deep mid-wicket",1
"Arshdeep Singh","square leg",1
"Ashutosh Sharma","long-on",3
"Ashutosh Sharma","mid-on",2
"Ashutosh Sharma","mid-wicket",2
"Ashutosh Sharma","fine leg",1
"Ashutosh Sharma","slip",1
"Atharva Taide","deep fine leg",1
"Atharva Taide","fine leg",1
"Atharva Taide","long-off",1
"Atharva Taide","non-striker's end",1
"Atharva Taide","point",1
"Atharva Taide","short cover",1
"Atharva Taide","third man",1
"Avesh Khan","third man",1
"Azmatullah Omarzai","deep fine leg",1
"Azmatullah Omarzai","deep mid-wicket",1
"Azmatullah Omarzai","fine leg",1
"Azmatullah Omarzai","mid-off",1
"Azmatullah Omarzai","mid-wicket",1
"Azmatullah Omarzai","slip",1
"Azmatullah Omarzai","third man",1
"Azmatullah Omarzai","wicket-keeper",1
"Baba Indrajith","long-off",2
"Baba Indrajith","square leg",1
"Bhuvneshwar Kumar","third man",2
"Bhuvneshwar Kumar","gully",1
"Bhuvneshwar Kumar","long-off",1
"Bhuvneshwar Kumar","long-on",1
"Bhuvneshwar Kumar","mid-off",1
"Bhuvneshwar Kumar","mid-wicket",1
"Bhuvneshwar Kumar","wicket-keeper",1
"Sai Sudharsan","deep square leg",4
"Sai Sudharsan","deep cover",3
"Sai Sudharsan","deep mid-wicket",3
"Sai Sudharsan","mid-off",3
"Sai Sudharsan","deep fine leg",2
"Sai Sudharsan","fine leg",2
"Sai Sudharsan","point",2
"Sai Sudharsan","square leg",2
"Sai Sudharsan","wicket-keeper",2
"Sai Sudharsan","long-off",1
"Sai Sudharsan","mid-on",1
"Sai Sudharsan","slip",1
"Sai Sudharsan","third man",1
"Ben Stokes","deep cover",1
"Ben Stokes","wicket-keeper",1
"BR Sharath","deep cover",1
"Corbin Bosch","fine leg",1
"Cameron Green","square leg",2
"Cameron Green","deep fine leg",1
"Cameron Green","fine leg",1
"Cameron Green","long-off",1
"Cameron Green","long-on",1
"Cameron Green","mid-on",1
"Cameron Green","non-striker's end",1
"Cameron Green","wicket-keeper",1
"Chetan Sakariya","point",1
"Chris Jordan","deep cover",1
"Chris Jordan","long-on",1
"Chris Jordan","third man",1
"Dewald Brevis","long-on",2
"Dewald Brevis","slip",2
"Dewald Brevis","deep cover",1
"Dewald Brevis","deep square leg",1
"Dewald Brevis","fine leg",1
"Dewald Brevis","long-off",1
"Dewald Brevis","silly mid-off",1
"Dewald Brevis","third man",1
"Donovan Ferreira","mid-off",1
"Donovan Ferreira","mid-wicket",1
"Devdutt Padikkal","deep fine leg",3
"Devdutt Padikkal","deep mid-wicket",3
"Devdutt Padikkal","point",3
"Devdutt Padikkal","slip",3
"Devdutt Padikkal","wicket-keeper",3
"Devdutt Padikkal","deep square leg",2
"Devdutt Padikkal","long-off",2
"Devdutt Padikkal","mid-on",2
"Devdutt Padikkal","mid-wicket",2
"Devdutt Padikkal","cover",1
"Devdutt Padikkal","deep cover",1
"Devdutt Padikkal","short cover",1
"Devdutt Padikkal","square leg",1
"Dwaine Pretorius","deep mid-wicket",1
"Dwaine Pretorius","long-off",1
"David Miller","deep square leg",3
"David Miller","mid-on",3
"David Miller","deep fine leg",2
"David Miller","deep cover",1
"David Miller","fine leg",1
"David Miller","gully",1
"David Miller","long-off",1
"David Miller","long-on",1
"David Miller","mid-off",1
"David Miller","mid-wicket",1
"David Miller","non-striker's end",1
"David Miller","point",1
"David Miller","slip",1
"David Miller","square leg",1
"David Miller","wicket-keeper",1
"David Warner","deep fine leg",3
"David Warner","deep mid-wicket",3
"David Warner","deep square leg",3
"David Warner","gully",3
"David Warner","mid-off",2
"David Warner","wicket-keeper",2
"David Warner","cover",1
"David Warner","fine leg",1
"David Warner","mid-wicket",1
"David Warner","slip",1
"David Warner","square leg",1
"Darshan Nalkande","gully",1
"Dwayne Bravo","mid-wicket",1
"Dwayne Bravo","non-striker's end",1
"Deepak Hooda","mid-on",3
"Deepak Hooda","mid-wicket",3
"Deepak Hooda","fine leg",2
"Deepak Hooda","long-on",2
"Deepak Hooda","mid-off",2
"Deepak Hooda","non-striker's end",2
"Deepak Hooda","point",2
"Deepak Hooda","slip",2
"Deepak Hooda","third man",2
"Deepak Hooda","wicket-keeper",2
"Deepak Hooda","deep cover",1
"Deepak Hooda","deep fine leg",1
"Deepak Hooda","deep mid-wicket",1
"Deepak Hooda","long-off",1
"Deepak Hooda","square leg",1
"Daryl Mitchell","mid-wicket",3
"Daryl Mitchell","point",2
"Daryl Mitchell","cover",1
"Daryl Mitchell","deep fine leg",1
"Daryl Mitchell","mid-on",1
"Daryl Mitchell","short mid-on",1
"Daryl Mitchell","slip",1
"David Willey","wicket-keeper",1
"Deepak Chahar","deep fine leg",1
"Devon Conway","square leg",3
"Devon Conway","deep fine leg",2
"Devon Conway","third man",2
"Devon Conway","cover",1
"Devon Conway","deep cover",1
"Devon Conway","deep mid-wicket",1
"Devon Conway","deep square leg",1
"Devon Conway","long-off",1
"Devon Conway","long-on",1
"Devon Conway","mid-wicket",1
"Daniel Sams","cover",1
"Daniel Sams","fine leg",1
"Daniel Sams","long-off",1
"Daniel Sams","point",1
"Daniel Sams","square leg",1
"Dhruv Jurel","fine leg",4
"Dhruv Jurel","mid-off",2
"Dhruv Jurel","cover",1
"Dhruv Jurel","deep cover",1
"Dhruv Jurel","deep mid-wicket",1
"Dhruv Jurel","deep square leg",1
"Dhruv Jurel","gully",1
"Dhruv Jurel","long-on",1
"Dhruv Jurel","mid-on",1
"Dhruv Jurel","non-striker's end",1
"Dhruv Jurel","point",1
"Dhruv Jurel","square leg",1
"Evin Lewis","deep square leg",1
"Evin Lewis","mid-off",1
"Faf du Plessis","third man",7
"Faf du Plessis","fine leg",5
"Faf du Plessis","slip",5
"Faf du Plessis","long-off",4
"Faf du Plessis","square leg",4
"Faf du Plessis","deep cover",3
"Faf du Plessis","deep mid-wicket",3
"Faf du Plessis","gully",3
"Faf du Plessis","cover",2
"Faf du Plessis","long-on",2
"Faf du Plessis","mid-off",2
"Faf du Plessis","mid-wicket",2
"Faf du Plessis","point",2
"Faf du Plessis","deep fine leg",1
"Faf du Plessis","deep square leg",1
"Faf du Plessis","wicket-keeper",1
"Fabian Allen","slip",1
"Gerald Coetzee","deep mid-wicket",1
"Gerald Coetzee","long-off",1
"Gerald Coetzee","non-striker's end",1
"Gerald Coetzee","point",1
"Glenn Phillips","deep square leg",2
"Glenn Phillips","cover",1
"Glenn Phillips","fine leg",1
"Glenn Maxwell","fine leg",5
"Glenn Maxwell","deep mid-wicket",4
"Glenn Maxwell","mid-off",3
"Glenn Maxwell","deep cover",2
"Glenn Maxwell","long-off",2
"Glenn Maxwell","point",2
"Glenn Maxwell","wicket-keeper",2
"Glenn Maxwell","deep fine leg",1
"Glenn Maxwell","gully",1
"Glenn Maxwell","short mid-on",1
"Glenn Maxwell","square leg",1
"Gulbadin Naib","long-on",1
"Heinrich Klaasen","gully",3
"Heinrich Klaasen","square leg",3
"Heinrich Klaasen","cover",2
"Heinrich Klaasen","deep fine leg",2
"Heinrich Klaasen","fine leg",2
"Heinrich Klaasen","long-on",2
"Heinrich Klaasen","mid-on",2
"Heinrich Klaasen","point",2
"Heinrich Klaasen","deep cover",1
"Heinrich Klaasen","deep square leg",1
"Heinrich Klaasen","long-off",1
"Harry Brook","third man",2
"Harry Brook","deep cover",1
"Rassie van der Dussen","long-off",1
"Hardik Pandya","square leg",7
"Hardik Pandya","long-on",5
"Hardik Pandya","wicket-keeper",4
"Hardik Pandya","long-off",3
"Hardik Pandya","deep mid-wicket",2
"Hardik Pandya","fine leg",2
"Hardik Pandya","gully",2
"Hardik Pandya","mid-off",2
"Hardik Pandya","mid-on",2
"Hardik Pandya","point",2
"Hardik Pandya","third man",2
"Hardik Pandya","cover",1
"Hardik Pandya","deep fine leg",1
"Hardik Pandya","deep square leg",1
"Hardik Pandya","slip",1
"Hrithik Shokeen","deep square leg",1
"Hrithik Shokeen","slip",1
"Harshal Patel","mid-wicket",2
"Harshal Patel","fine leg",1
"Harshal Patel","gully",1
"Harshal Patel","long-off",1
"Harshal Patel","mid-on",1
"Harshal Patel","non-striker's end",1
"Harshal Patel","slip",1
"Harpreet Brar","deep cover",2
"Harpreet Brar","long-off",1
"Harpreet Brar","long-on",1
"Harpreet Brar","slip",1
"Harpreet Singh","short mid-on",1
"Harpreet Singh","wicket-keeper",1
"Harshit Rana","long-off",1
"Harshit Rana","mid-off",1
"Harshit Rana","non-striker's end",1
"Ishan Kishan","deep fine leg",5
"Ishan Kishan","mid-on",5
"Ishan Kishan","point",5
"Ishan Kishan","cover",4
"Ishan Kishan","long-off",4
"Ishan Kishan","third man",4
"Ishan Kishan","gully",3
"Ishan Kishan","long-on",2
"Ishan Kishan","mid-wicket",2
"Ishan Kishan","square leg",2
"Ishan Kishan","deep cover",1
"Ishan Kishan","deep mid-wicket",1
"Ishan Kishan","deep square leg",1
"Ishan Kishan","fine leg",1
"Ishan Kishan","mid-off",1
"Ishan Kishan","short mid-off",1
"Ishan Kishan","wicket-keeper",1
"Jake Fraser-McGurk","gully",2
"Jake Fraser-McGurk","mid-wicket",2
"Jake Fraser-McGurk","third man",2
"Jake Fraser-McGurk","cover",1
"Jake Fraser-McGurk","deep fine leg",1
"Jake Fraser-McGurk","long-off",1
"Jake Fraser-McGurk","long-on",1
"Jake Fraser-McGurk","mid-on",1
"Jake Fraser-McGurk","non-striker's end",1
"Jake Fraser-McGurk","square leg",1
"Jake Fraser-McGurk","wicket-keeper",1
"Jagadeesha Suchith","mid-on",1
"Jhye Richardson","deep cover",1
"Jofra Archer","mid-wicket",1
"Jofra Archer","point",1
"Jofra Archer","square leg",1
"Jofra Archer","wicket-keeper",1
"Jos Buttler","deep mid-wicket",4
"Jos Buttler","cover",3
"Jos Buttler","deep square leg",3
"Jos Buttler","fine leg",3
"Jos Buttler","deep cover",2
"Jos Buttler","mid-on",2
"Jos Buttler","non-striker's end",2
"Jos Buttler","third man",2
"Jos Buttler","gully",1
"Jos Buttler","long-off",1
"Jos Buttler","long-on",1
"Jos Buttler","mid-off",1
"Jos Buttler","mid-wicket",1
"Jos Buttler","slip",1
"Jos Buttler","square leg",1
"Jaydev Unadkat","fine leg",2
"Jaydev Unadkat","gully",1
"James Neesham","silly mid-off",1
"Jacob Bethell","fine leg",1
"Jacob Bethell","gully",1
"Jasprit Bumrah","square leg",1
"Jason Roy","fine leg",1
"Jason Roy","long-off",1
"Jason Roy","mid-off",1
"Jason Roy","mid-on",1
"Jason Roy","mid-wicket",1
"Jonny Bairstow","slip",4
"Jonny Bairstow","mid-off",2
"Jonny Bairstow","cover",1
"Jonny Bairstow","deep mid-wicket",1
"Jonny Bairstow","fine leg",1
"Jonny Bairstow","long-on",1
"Jonny Bairstow","mid-on",1
"Jonny Bairstow","mid-wicket",1
"Jonny Bairstow","point",1
"Jonny Bairstow","third man",1
"Jitesh Sharma","mid-wicket",5
"Jitesh Sharma","long-off",3
"Jitesh Sharma","square leg",3
"Jitesh Sharma","cover",2
"Jitesh Sharma","deep square leg",2
"Jitesh Sharma","mid-on",2
"Jitesh Sharma","slip",2
"Jitesh Sharma","third man",2
"Jitesh Sharma","deep cover",1
"Jitesh Sharma","fine leg",1
"Jitesh Sharma","gully",1
"Jitesh Sharma","long-on",1
"Jitesh Sharma","mid-off",1
"Jitesh Sharma","non-striker's end",1
"Jitesh Sharma","point",1
"Jitesh Sharma","wicket-keeper",1
"Jason Holder","deep fine leg",2
"Jason Holder","deep cover",1
"Jason Holder","long-on",1
"Jason Holder","slip",1
"Jason Holder","third man",1
"Jason Holder","wicket-keeper",1
"Josh Inglis","gully",1
"Josh Inglis","long-on",1
"Josh Inglis","mid-off",1
"Josh Inglis","slip",1
"Josh Inglis","wicket-keeper",1
"Krishnappa Gowtham","long-off",1
"Krishnappa Gowtham","third man",1
"Kumar Kartikeya","deep square leg",1
"Kumar Kartikeya","gully",1
"Kagiso Rabada","long-off",1
"Kagiso Rabada","third man",1
"Kagiso Rabada","wicket-keeper",1
"Keshav Maharaj","wicket-keeper",1
"Kieron Pollard","cover",1
"Kieron Pollard","deep mid-wicket",1
"Kieron Pollard","deep square leg",1
"Kieron Pollard","gully",1
"Kieron Pollard","slip",1
"Kieron Pollard","wicket-keeper",1
"Dinesh Karthik","wicket-keeper",4
"Dinesh Karthik","deep square leg",3
"Dinesh Karthik","long-on",3
"Dinesh Karthik","deep mid-wicket",2
"Dinesh Karthik","gully",2
"Dinesh Karthik","mid-on",2
"Dinesh Karthik","third man",2
"Dinesh Karthik","cover",1
"Dinesh Karthik","long-off",1
"Dinesh Karthik","mid-off",1
"Dinesh Karthik","point",1
"Dinesh Karthik","square leg",1
"Krunal Pandya","long-off",3
"Krunal Pandya","long-on",3
"Krunal Pandya","cover",2
"Krunal Pandya","non-striker's end",2
"Krunal Pandya","point",2
"Krunal Pandya","slip",2
"Krunal Pandya","deep cover",1
"Krunal Pandya","deep fine leg",1
"Krunal Pandya","gully",1
"Krunal Pandya","mid-on",1
"Krunal Pandya","mid-wicket",1
"Krunal Pandya","short cover",1
"Krunal Pandya","square leg",1
"Krunal Pandya","wicket-keeper",1
"Khaleel Ahmed","cover",1
"Karun Nair","deep mid-wicket",1
"Karun Nair","deep square leg",1
"Karun Nair","fine leg",1
"Karun Nair","point",1
"Karun Nair","third man",1
"KL Rahul","deep cover",5
"KL Rahul","gully",5
"KL Rahul","cover",4
"KL Rahul","long-on",3
"KL Rahul","wicket-keeper",3
"KL Rahul","deep square leg",2
"KL Rahul","fine leg",2
"KL Rahul","mid-on",2
"KL Rahul","mid-wicket",2
"KL Rahul","slip",2
"KL Rahul","deep fine leg",1
"KL Rahul","deep mid-wicket",1
"KL Rahul","long-off",1
"KL Rahul","mid-off",1
"KL Rahul","non-striker's end",1
"KL Rahul","point",1
"KL Rahul","third man",1
"KM Asif","gully",1
"Kyle Mayers","deep fine leg",2
"Kyle Mayers","deep cover",1
"Kyle Mayers","deep square leg",1
"Kyle Mayers","fine leg",1
"Kyle Mayers","gully",1
"Kyle Mayers","long-on",1
"Kyle Mayers","mid-wicket",1
"Kyle Mayers","point",1
"K Srikar Bharat","fine leg",1
"K Srikar Bharat","mid-off",1
"KS Rathore","deep square leg",1
"Karan Sharma","long-on",1
"Karan Sharma","short mid-on",1
"Karan Sharma","slip",1
"Kane Williamson","mid-wicket",2
"Kane Williamson","cover",1
"Kane Williamson","deep fine leg",1
"Kane Williamson","deep square leg",1
"Kane Williamson","gully",1
"Kane Williamson","long-off",1
"Kane Williamson","non-striker's end",1
"Karn Sharma","long-on",1
"Karn Sharma","mid-off",1
"Karn Sharma","silly mid-off",1
"Karn Sharma","slip",1
"Kartik Tyagi","long-on",1
"Kuldeep Yadav","long-off",1
"Kuldeep Yadav","wicket-keeper",1
"Kumar Kushagra","deep fine leg",1
"Kumar Kushagra","slip",1
"Lockie Ferguson","point",1
"Lockie Ferguson","slip",1
"Liam Livingstone","slip",3
"Liam Livingstone","square leg",3
"Liam Livingstone","cover",2
"Liam Livingstone","long-on",2
"Liam Livingstone","deep cover",1
"Liam Livingstone","deep fine leg",1
"Liam Livingstone","fine leg",1
"Liam Livingstone","gully",1
"Liam Livingstone","mid-off",1
"Liam Livingstone","non-striker's end",1
"Liam Livingstone","third man",1
"Liam Livingstone","wicket-keeper",1
"Lalit Yadav","mid-wicket",2
"Lalit Yadav","long-on",1
"Lalit Yadav","mid-off",1
"Lalit Yadav","slip",1
"Lalit Yadav","third man",1
"Liton Das","gully",1
"Murugan Ashwin","cover",1
"Marco Jansen","deep fine leg",1
"Marco Jansen","deep mid-wicket",1
"Marco Jansen","deep square leg",1
"Marco Jansen","fine leg",1
"Marco Jansen","long-on",1
"Marco Jansen","slip",1
"Marco Jansen","third man",1
"Shahrukh Khan","long-on",2
"Shahrukh Khan","mid-wicket",2
"Shahrukh Khan","slip",2
"Shahrukh Khan","square leg",2
"Shahrukh Khan","deep cover",1
"Shahrukh Khan","mid-off",1
"Shahrukh Khan","point",1
"Shahrukh Khan","third man",1
"Shahrukh Khan","wicket-keeper",1
"Maheesh Theekshana","deep mid-wicket",1
"Maheesh Theekshana","slip",1
"Maheesh Theekshana","wicket-keeper",1
"Manan Vohra","slip",1
"Mayank Agarwal","gully",4
"Mayank Agarwal","long-off",3
"Mayank Agarwal","deep mid-wicket",2
"Mayank Agarwal","point",2
"Mayank Agarwal","slip",2
"Mayank Agarwal","square leg",2
"Mayank Agarwal","cover",1
"Mayank Agarwal","deep cover",1
"Mayank Agarwal","deep fine leg",1
"Mayank Agarwal","deep square leg",1
"Mayank Agarwal","long-on",1
"Mayank Agarwal","mid-off",1
"Mayank Agarwal","mid-on",1
"Mayank Agarwal","third man",1
"Mayank Agarwal","wicket-keeper",1
"Mitchell Starc","mid-on",2
"Mitchell Starc","third man",1
"Dasun Shanaka","deep fine leg",1
"Dasun Shanaka","gully",1
"Michael Bracewell","mid-off",1
"Michael Bracewell","short mid-on",1
"Mitchell Owen","mid-wicket",1
"Mitchell Santner","deep mid-wicket",2
"Mitchell Santner","deep cover",1
"Mitchell Santner","mid-on",1
"MJ Suthar","fine leg",1
"Mahipal Lomror","slip",2
"Mahipal Lomror","cover",1
"Mahipal Lomror","deep fine leg",1
"Mahipal Lomror","deep mid-wicket",1
"Mahipal Lomror","deep square leg",1
"Mahipal Lomror","fine leg",1
"Mahipal Lomror","gully",1
"Mahipal Lomror","long-off",1
"Mahipal Lomror","long-on",1
"Mahipal Lomror","mid-off",1
"Mahipal Lomror","mid-on",1
"Mahipal Lomror","short mid-off",1
"Mahipal Lomror","third man",1
"Mahipal Lomror","wicket-keeper",1
"Manish Pandey","square leg",3
"Manish Pandey","deep mid-wicket",2
"Manish Pandey","cover",1
"Manish Pandey","deep cover",1
"Manish Pandey","mid-wicket",1
"Manish Pandey","third man",1
"Moeen Ali","deep cover",3
"Moeen Ali","deep square leg",2
"Moeen Ali","point",2
"Moeen Ali","cover",1
"Moeen Ali","deep fine leg",1
"Moeen Ali","fine leg",1
"Moeen Ali","gully",1
"Moeen Ali","long-off",1
"Moeen Ali","long-on",1
"Moeen Ali","mid-on",1
"Moeen Ali","mid-wicket",1
"Mohit Sharma","deep fine leg",1
"Marcus Stoinis","square leg",7
"Marcus Stoinis","point",4
"Marcus Stoinis","deep cover",3
"Marcus Stoinis","deep square leg",3
"Marcus Stoinis","long-on",2
"Marcus Stoinis","non-striker's end",2
"Marcus Stoinis","third man",2
"Marcus Stoinis","deep fine leg",1
"Marcus Stoinis","gully",1
"Marcus Stoinis","mid-off",1
"Marcus Stoinis","mid-wicket",1
"Marcus Stoinis","wicket-keeper",1
"Mitchell Marsh","point",3
"Mitchell Marsh","slip",3
"Mitchell Marsh","cover",2
"Mitchell Marsh","deep mid-wicket",2
"Mitchell Marsh","fine leg",2
"Mitchell Marsh","long-on",2
"Mitchell Marsh","square leg",2
"Mitchell Marsh","deep cover",1
"Mitchell Marsh","deep square leg",1
"Mitchell Marsh","gully",1
"Mitchell Marsh","long-off",1
"Mitchell Marsh","mid-off",1
"Mitchell Marsh","mid-wicket",1
"Mitchell Marsh","non-striker's end",1
"Mitchell Marsh","short mid-off",1
"Mahendra Singh Dhoni","deep square leg",2
"Mahendra Singh Dhoni","gully",2
"Mahendra Singh Dhoni","mid-on",2
"Mahendra Singh Dhoni","square leg",2
"Mahendra Singh Dhoni","cover",1
"Mahendra Singh Dhoni","deep cover",1
"Mahendra Singh Dhoni","deep mid-wicket",1
"Mahendra Singh Dhoni","fine leg",1
"Mahendra Singh Dhoni","long-off",1
"Mahendra Singh Dhoni","long-on",1
"Mahendra Singh Dhoni","mid-off",1
"Mahendra Singh Dhoni","mid-wicket",1
"Mahendra Singh Dhoni","third man",1
"Mahendra Singh Dhoni","wicket-keeper",1
"Matthew Wade","cover",2
"Matthew Wade","deep fine leg",1
"Matthew Wade","deep mid-wicket",1
"Matthew Wade","mid-off",1
"Matthew Wade","third man",1
"Matt Short","mid-on",1
"Matt Short","square leg",1
"Mandeep Singh","gully",1
"Mandeep Singh","long-off",1
"Mandeep Singh","mid-wicket",1
"Mandeep Singh","slip",1
"Mohammad Nabi","cover",1
"Mohammad Nabi","non-striker's end",1
"Mohammed Shami","deep fine leg",1
"Mohammed Shami","gully",1
"Mohammed Shami","wicket-keeper",1
"Mohammed Siraj","deep square leg",1
"Mohammed Siraj","long-off",1
"Mohammed Siraj","mid-off",1
"Mohammed Siraj","mid-on",1
"Mohsin Khan","deep fine leg",1
"Mukesh Kumar","deep mid-wicket",1
"Narayan Jagadeesan","deep fine leg",1
"Narayan Jagadeesan","deep mid-wicket",1
"Narayan Jagadeesan","deep square leg",1
"Narayan Jagadeesan","fine leg",1
"Narayan Jagadeesan","mid-wicket",1
"Narayan Jagadeesan","slip",1
"Nicholas Pooran","deep cover",3
"Nicholas Pooran","deep mid-wicket",3
"Nicholas Pooran","mid-on",3
"Nicholas Pooran","cover",2
"Nicholas Pooran","fine leg",2
"Nicholas Pooran","long-off",2
"Nicholas Pooran","point",2
"Nicholas Pooran","square leg",2
"Nicholas Pooran","deep fine leg",1
"Nicholas Pooran","deep square leg",1
"Nicholas Pooran","gully",1
"Nicholas Pooran","long-on",1
"Nicholas Pooran","mid-off",1
"Nicholas Pooran","mid-wicket",1
"Nicholas Pooran","short cover",1
"Nicholas Pooran","slip",1
"Nicholas Pooran","third man",1
"Nitish Rana","long-off",5
"Nitish Rana","gully",4
"Nitish Rana","deep fine leg",3
"Nitish Rana","long-on",3
"Nitish Rana","mid-off",3
"Nitish Rana","mid-wicket",3
"Nitish Rana","third man",3
"Nitish Rana","point",2
"Nitish Rana","deep cover",1
"Nitish Rana","deep square leg",1
"Nitish Rana","fine leg",1
"Nitish Rana","short mid-off",1
"Nitish Rana","wicket-keeper",1
"Nehal Wadhera","cover",3
"Nehal Wadhera","mid-on",3
"Nehal Wadhera","fine leg",2
"Nehal Wadhera","deep cover",1
"Nehal Wadhera","deep fine leg",1
"Nehal Wadhera","deep square leg",1
"Nehal Wadhera","long-off",1
"Nehal Wadhera","mid-off",1
"Nehal Wadhera","point",1
"Nehal Wadhera","square leg",1
"Nehal Wadhera","third man",1
"Nehal Wadhera","wicket-keeper",1
"Naman Dhir","gully",2
"Naman Dhir","square leg",2
"Naman Dhir","cover",1
"Naman Dhir","deep square leg",1
"Naman Dhir","long-on",1
"Naman Dhir","point",1
"Navdeep Saini","gully",1
"Naveen-ul-Haq","fine leg",1
"Nitish Kumar Reddy","deep square leg",3
"Nitish Kumar Reddy","deep fine leg",2
"Nitish Kumar Reddy","point",2
"Nitish Kumar Reddy","cover",1
"Nitish Kumar Reddy","deep cover",1
"Nitish Kumar Reddy","deep mid-wicket",1
"Nitish Kumar Reddy","gully",1
"Nitish Kumar Reddy","long-off",1
"Nitish Kumar Reddy","long-on",1
"Nitish Kumar Reddy","mid-off",1
"Nitish Kumar Reddy","third man",1
"Noor Ahmad","slip",2
"Noor Ahmad","deep cover",1
"Noor Ahmad","third man",1
"Noor Ahmad","wicket-keeper",1
"Odean Smith","cover",1
"Odean Smith","short mid-off",1
"Odean Smith","wicket-keeper",1
"Prabhsimran Singh","mid-on",5
"Prabhsimran Singh","deep fine leg",4
"Prabhsimran Singh","deep mid-wicket",4
"Prabhsimran Singh","long-on",4
"Prabhsimran Singh","gully",3
"Prabhsimran Singh","mid-wicket",3
"Prabhsimran Singh","point",3
"Prabhsimran Singh","deep cover",2
"Prabhsimran Singh","long-off",2
"Prabhsimran Singh","square leg",2
"Prabhsimran Singh","cover",1
"Prabhsimran Singh","deep square leg",1
"Prabhsimran Singh","mid-off",1
"Prabhsimran Singh","non-striker's end",1
"Bhanuka Rajapaksa","gully",2
"Bhanuka Rajapaksa","mid-wicket",2
"Bhanuka Rajapaksa","cover",1
"Bhanuka Rajapaksa","deep fine leg",1
"Bhanuka Rajapaksa","long-off",1
"Bhanuka Rajapaksa","mid-off",1
"Bhanuka Rajapaksa","mid-on",1
"Phil Salt","mid-off",3
"Phil Salt","deep cover",2
"Phil Salt","fine leg",2
"Phil Salt","long-off",2
"Phil Salt","mid-on",2
"Phil Salt","non-striker's end",2
"Phil Salt","cover",1
"Phil Salt","deep fine leg",1
"Phil Salt","deep mid-wicket",1
"Phil Salt","deep square leg",1
"Phil Salt","long-on",1
"Phil Salt","mid-wicket",1
"Phil Salt","point",1
"Phil Salt","silly mid-off",1
"Phil Salt","slip",1
"Phil Salt","third man",1
"PHKD Mendis","deep cover",1
"PHKD Mendis","mid-wicket",1
"PHKD Mendis","point",1
"Pat Cummins","slip",2
"Pat Cummins","deep fine leg",1
"Pat Cummins","deep mid-wicket",1
"Pat Cummins","deep square leg",1
"Pat Cummins","fine leg",1
"Pat Cummins","gully",1
"Pat Cummins","long-on",1
"Pat Cummins","mid-on",1
"Pat Cummins","third man",1
"Priyam Garg","gully",1
"Priyam Garg","mid-wicket",1
"Priyam Garg","non-striker's end",1
"Prerak Mankad","cover",1
"Prerak Mankad","long-off",1
"Prerak Mankad","square leg",1
"Piyush Chawla","cover",1
"Piyush Chawla","deep fine leg",1
"Piyush Chawla","deep mid-wicket",1
"Piyush Chawla","mid-on",1
"Piyush Chawla","slip",1
"Prithvi Shaw","mid-on",4
"Prithvi Shaw","deep mid-wicket",3
"Prithvi Shaw","deep square leg",2
"Prithvi Shaw","gully",2
"Prithvi Shaw","long-on",2
"Prithvi Shaw","deep cover",1
"Prithvi Shaw","deep fine leg",1
"Prithvi Shaw","fine leg",1
"Prithvi Shaw","mid-off",1
"Prithvi Shaw","mid-wicket",1
"Prithvi Shaw","non-striker's end",1
"Prithvi Shaw","point",1
"Prithvi Shaw","slip",1
"Dushmantha Chameera","wicket-keeper",1
"Wiaan Mulder","deep square leg",1
"Wanindu Hasaranga","mid-on",2
"Wanindu Hasaranga","cover",1
"Wanindu Hasaranga","deep cover",1
"Wanindu Hasaranga","deep mid-wicket",1
"Wanindu Hasaranga","mid-wicket",1
"Wanindu Hasaranga","non-striker's end",1
"Wanindu Hasaranga","slip",1
"Wanindu Hasaranga","square leg",1
"Priyansh Arya","cover",4
"Priyansh Arya","deep mid-wicket",3
"Priyansh Arya","slip",2
"Priyansh Arya","deep fine leg",1
"Priyansh Arya","fine leg",1
"Priyansh Arya","gully",1
"Priyansh Arya","long-off",1
"Priyansh Arya","long-on",1
"Priyansh Arya","mid-off",1
"Priyansh Arya","mid-wicket",1
"Priyansh Arya","wicket-keeper",1
"Quinton de Kock","point",5
"Quinton de Kock","mid-on",4
"Quinton de Kock","long-off",3
"Quinton de Kock","third man",3
"Quinton de Kock","deep cover",2
"Quinton de Kock","long-on",2
"Quinton de Kock","mid-off",2
"Quinton de Kock","slip",2
"Quinton de Kock","cover",1
"Quinton de Kock","deep fine leg",1
"Quinton de Kock","deep mid-wicket",1
"Quinton de Kock","deep square leg",1
"Quinton de Kock","fine leg",1
"Ravichandran Ashwin","cover",3
"Ravichandran Ashwin","deep square leg",3
"Ravichandran Ashwin","third man",2
"Ravichandran Ashwin","wicket-keeper",2
"Ravichandran Ashwin","deep cover",1
"Ravichandran Ashwin","deep fine leg",1
"Ravichandran Ashwin","deep mid-wicket",1
"Ravichandran Ashwin","long-on",1
"Ravichandran Ashwin","mid-on",1
"Ravichandran Ashwin","mid-wicket",1
"Ravichandran Ashwin","non-striker's end",1
"Ravichandran Ashwin","slip",1
"Ravichandran Ashwin","square leg",1
"Rishi Dhawan","third man",1
"R Minz","fine leg",2
"Riyan Parag","fine leg",6
"Riyan Parag","deep cover",3
"Riyan Parag","mid-wicket",3
"Riyan Parag","slip",3
"Riyan Parag","deep fine leg",2
"Riyan Parag","point",2
"Riyan Parag","cover",1
"Riyan Parag","deep square leg",1
"Riyan Parag","gully",1
"Riyan Parag","long-off",1
"Riyan Parag","long-on",1
"Riyan Parag","mid-off",1
"Riyan Parag","mid-on",1
"Riyan Parag","third man",1
"Riyan Parag","wicket-keeper",1
"Rovman Powell","third man",2
"Rovman Powell","cover",1
"Rovman Powell","deep cover",1
"Rovman Powell","deep mid-wicket",1
"Rovman Powell","gully",1
"Rovman Powell","long-off",1
"Rovman Powell","long-on",1
"Rovman Powell","non-striker's end",1
"Rovman Powell","slip",1
"Rovman Powell","square leg",1
"Rachin Ravindra","deep cover",1
"Rachin Ravindra","deep fine leg",1
"Rachin Ravindra","deep mid-wicket",1
"Rachin Ravindra","gully",1
"Rachin Ravindra","long-on",1
"Rachin Ravindra","mid-wicket",1
"Rachin Ravindra","non-striker's end",1
"Rachin Ravindra","short mid-on",1
"Rachin Ravindra","slip",1
"Rachin Ravindra","third man",1
"R Sai Kishore","wicket-keeper",1
"Sanjay Yadav","cover",1
"Romario Shepherd","long-off",1
"Romario Shepherd","short mid-on",1
"Romario Shepherd","third man",1
"Rahul Tewatia","cover",2
"Rahul Tewatia","deep cover",2
"Rahul Tewatia","deep square leg",2
"Rahul Tewatia","long-on",2
"Rahul Tewatia","mid-off",2
"Rahul Tewatia","wicket-keeper",2
"Rahul Tewatia","deep fine leg",1
"Rahul Tewatia","gully",1
"Rahul Tewatia","long-off",1
"Rahul Tewatia","mid-wicket",1
"Rahul Tewatia","square leg",1
"Rahul Tewatia","third man",1
"Ravindra Jadeja","deep fine leg",2
"Ravindra Jadeja","gully",2
"Ravindra Jadeja","long-off",2
"Ravindra Jadeja","long-on",2
"Ravindra Jadeja","mid-on",2
"Ravindra Jadeja","slip",2
"Ravindra Jadeja","square leg",2
"Ravindra Jadeja","cover",1
"Ravindra Jadeja","deep mid-wicket",1
"Ravindra Jadeja","fine leg",1
"Ravindra Jadeja","mid-off",1
"Ravindra Jadeja","point",1
"Ravindra Jadeja","third man",1
"Rahul Tripathi","fine leg",6
"Rahul Tripathi","mid-on",4
"Rahul Tripathi","point",4
"Rahul Tripathi","wicket-keeper",3
"Rahul Tripathi","deep cover",2
"Rahul Tripathi","deep mid-wicket",2
"Rahul Tripathi","long-on",2
"Rahul Tripathi","square leg",2
"Rahul Tripathi","third man",2
"Rahul Tripathi","cover",1
"Rahul Tripathi","mid-off",1
"Rahul Tripathi","non-striker's end",1
"Rahul Tripathi","silly mid-off",1
"Rahul Chahar","long-off",2
"Rahul Chahar","cover",1
"Rahul Chahar","deep fine leg",1
"Rahul Chahar","wicket-keeper",1
"Ruturaj Gaikwad","square leg",6
"Ruturaj Gaikwad","cover",4
"Ruturaj Gaikwad","mid-wicket",4
"Ruturaj Gaikwad","third man",4
"Ruturaj Gaikwad","mid-off",3
"Ruturaj Gaikwad","mid-on",3
"Ruturaj Gaikwad","deep fine leg",2
"Ruturaj Gaikwad","fine leg",2
"Ruturaj Gaikwad","long-on",2
"Ruturaj Gaikwad","point",2
"Ruturaj Gaikwad","deep cover",1
"Ruturaj Gaikwad","deep mid-wicket",1
"Ruturaj Gaikwad","deep square leg",1
"Ruturaj Gaikwad","slip",1
"Ruturaj Gaikwad","wicket-keeper",1
"Ryan Rickelton","point",2
"Ryan Rickelton","cover",1
"Ryan Rickelton","deep cover",1
"Ryan Rickelton","deep fine leg",1
"Ryan Rickelton","short mid-on",1
"Ryan Rickelton","slip",1
"Ryan Rickelton","wicket-keeper",1
"Rohit Sharma","square leg",5
"Rohit Sharma","long-on",4
"Rohit Sharma","mid-wicket",4
"Rohit Sharma","point",4
"Rohit Sharma","wicket-keeper",4
"Rohit Sharma","deep cover",3
"Rohit Sharma","deep square leg",3
"Rohit Sharma","fine leg",3
"Rohit Sharma","gully",3
"Rohit Sharma","mid-on",3
"Rohit Sharma","deep fine leg",2
"Rohit Sharma","deep mid-wicket",2
"Rohit Sharma","third man",2
"Rohit Sharma","long-off",1
"Rohit Sharma","mid-off",1
"Rohit Sharma","non-striker's end",1
"Rohit Sharma","short mid-on",1
"Rohit Sharma","silly mid-off",1
"Rohit Sharma","slip",1
"Ricky Bhui","mid-off",1
"Ricky Bhui","point",1
"Rinku Singh","mid-off",4
"Rinku Singh","deep cover",2
"Rinku Singh","fine leg",2
"Rinku Singh","long-off",2
"Rinku Singh","long-on",2
"Rinku Singh","mid-wicket",2
"Rinku Singh","slip",2
"Rinku Singh","third man",2
"Rinku Singh","deep mid-wicket",1
"Rinku Singh","deep square leg",1
"Rinku Singh","gully",1
"Rinku Singh","short cover",1
"Rinku Singh","square leg",1
"Rinku Singh","wicket-keeper",1
"Rajat Patidar","deep fine leg",4
"Rajat Patidar","long-on",4
"Rajat Patidar","slip",3
"Rajat Patidar","deep mid-wicket",2
"Rajat Patidar","fine leg",2
"Rajat Patidar","point",2
"Rajat Patidar","wicket-keeper",2
"Rajat Patidar","cover",1
"Rajat Patidar","deep square leg",1
"Rajat Patidar","gully",1
"Rajat Patidar","mid-on",1
"Rajat Patidar","mid-wicket",1
"Rajat Patidar","square leg",1
"Rajat Patidar","third man",1
"Rishabh Pant","point",5
"Rishabh Pant","deep cover",4
"Rishabh Pant","wicket-keeper",3
"Rishabh Pant","deep square leg",2
"Rishabh Pant","fine leg",2
"Rishabh Pant","long-off",2
"Rishabh Pant","long-on",2
"Rishabh Pant","deep fine leg",1
"Rishabh Pant","gully",1
"Rishabh Pant","mid-off",1
"Rishabh Pant","mid-on",1
"Rishabh Pant","mid-wicket",1
"Rishabh Pant","short mid-on",1
"Rishabh Pant","slip",1
"Rilee Rossouw","mid-off",4
"Rilee Rossouw","square leg",2
"Rilee Rossouw","fine leg",1
"Rilee Rossouw","mid-on",1
"Rilee Rossouw","point",1
"Rilee Rossouw","third man",1
"Ripal Patel","deep mid-wicket",1
"Ripal Patel","wicket-keeper",1
"Robin Uthappa","deep cover",2
"Robin Uthappa","square leg",2
"Robin Uthappa","fine leg",1
"Robin Uthappa","long-off",1
"Robin Uthappa","third man",1
"Rahmanullah Gurbaz","deep square leg",3
"Rahmanullah Gurbaz","mid-on",3
"Rahmanullah Gurbaz","deep cover",1
"Rahmanullah Gurbaz","deep fine leg",1
"Rahmanullah Gurbaz","long-off",1
"Rahmanullah Gurbaz","long-on",1
"Rahmanullah Gurbaz","mid-wicket",1
"Rahmanullah Gurbaz","slip",1
"Rahmanullah Gurbaz","square leg",1
"Ramandeep Singh","gully",2
"Ramandeep Singh","fine leg",1
"Ramandeep Singh","long-off",1
"Ramandeep Singh","mid-wicket",1
"Ramandeep Singh","non-striker's end",1
"Ramandeep Singh","point",1
"Ramandeep Singh","square leg",1
"Ramandeep Singh","wicket-keeper",1
"Rashid Khan","gully",3
"Rashid Khan","deep fine leg",2
"Rashid Khan","long-off",2
"Rashid Khan","square leg",2
"Rashid Khan","deep square leg",1
"Rashid Khan","mid-on",1
"Rashid Khan","non-striker's end",1
"Rashid Khan","point",1
"Rashid Khan","slip",1
"Rasikh Salam","point",1
"Rasikh Salam","slip",1
"Rasikh Salam","square leg",1
"Rasikh Salam","wicket-keeper",1
"Ravi Bishnoi","gully",1
"Ravi Bishnoi","mid-on",1
"Shikhar Dhawan","wicket-keeper",3
"Shikhar Dhawan","deep mid-wicket",2
"Shikhar Dhawan","long-off",2
"Shikhar Dhawan","point",2
"Shikhar Dhawan","cover",1
"Shikhar Dhawan","deep cover",1
"Shikhar Dhawan","deep square leg",1
"Shikhar Dhawan","gully",1
"Shikhar Dhawan","mid-off",1
"Shikhar Dhawan","mid-on",1
"Shikhar Dhawan","mid-wicket",1
"Shikhar Dhawan","slip",1
"Shivam Dube","cover",3
"Shivam Dube","fine leg",3
"Shivam Dube","mid-off",3
"Shivam Dube","deep cover",2
"Shivam Dube","deep fine leg",2
"Shivam Dube","deep square leg",2
"Shivam Dube","gully",2
"Shivam Dube","long-off",2
"Shivam Dube","long-on",2
"Shivam Dube","mid-on",2
"Shivam Dube","point",2
"Shivam Dube","square leg",2
"Shivam Dube","third man",2
"Shivam Dube","deep mid-wicket",1
"Shivam Dube","mid-wicket",1
"Shivam Dube","slip",1
"Shivam Dube","wicket-keeper",1
"Sean Abbott","square leg",1
"Suryakumar Yadav","long-off",6
"Suryakumar Yadav","deep fine leg",5
"Suryakumar Yadav","third man",5
"Suryakumar Yadav","deep mid-wicket",2
"Suryakumar Yadav","deep square leg",2
"Suryakumar Yadav","gully",2
"Suryakumar Yadav","mid-wicket",2
"Suryakumar Yadav","slip",2
"Suryakumar Yadav","wicket-keeper",2
"Suryakumar Yadav","cover",1
"Suryakumar Yadav","deep cover",1
"Suryakumar Yadav","fine leg",1
"Suryakumar Yadav","long-on",1
"Suryakumar Yadav","mid-off",1
"Suryakumar Yadav","mid-on",1
"Suryakumar Yadav","point",1
"Suryakumar Yadav","short mid-off",1
"Suryakumar Yadav","square leg",1
"Shubham Dubey","deep fine leg",1
"Shubham Dubey","deep mid-wicket",1
"Shubham Dubey","fine leg",1
"Shubham Dubey","gully",1
"Shubham Dubey","mid-on",1
"Shai Hope","fine leg",1
"Shai Hope","long-off",1
"Shai Hope","mid-off",1
"Shai Hope","mid-wicket",1
"Shai Hope","third man",1
"Shai Hope","wicket-keeper",1
"Sherfane Rutherford","mid-off",2
"Sherfane Rutherford","slip",2
"Sherfane Rutherford","deep cover",1
"Sherfane Rutherford","deep mid-wicket",1
"Sherfane Rutherford","long-off",1
"Sherfane Rutherford","mid-wicket",1
"SK Rasheed","cover",1
"SK Rasheed","fine leg",1
"SK Rasheed","point",1
"SK Rasheed","wicket-keeper",1
"Sam Curran","deep fine leg",3
"Sam Curran","gully",3
"Sam Curran","third man",2
"Sam Curran","wicket-keeper",2
"Sam Curran","cover",1
"Sam Curran","long-off",1
"Sam Curran","long-on",1
"Sam Curran","mid-off",1
"Sam Curran","mid-wicket",1
"Sam Curran","non-striker's end",1
"Sam Curran","point",1
"Sam Curran","square leg",1
"Sarfaraz Khan","deep mid-wicket",1
"Sarfaraz Khan","deep square leg",1
"Sarfaraz Khan","long-off",1
"Sarfaraz Khan","mid-off",1
"Sarfaraz Khan","point",1
"Sarfaraz Khan","wicket-keeper",1
"Shardul Thakur","long-on",3
"Shardul Thakur","deep cover",1
"Shardul Thakur","deep fine leg",1
"Shardul Thakur","deep mid-wicket",1
"Shardul Thakur","fine leg",1
"Shardul Thakur","long-off",1
"Shardul Thakur","mid-off",1
"Shardul Thakur","mid-on",1
"Shardul Thakur","point",1
"Shardul Thakur","slip",1
"Shardul Thakur","third man",1
"Shimron Hetmyer","cover",3
"Shimron Hetmyer","deep fine leg",3
"Shimron Hetmyer","deep cover",2
"Shimron Hetmyer","deep mid-wicket",2
"Shimron Hetmyer","gully",2
"Shimron Hetmyer","long-off",2
"Shimron Hetmyer","mid-on",2
"Shimron Hetmyer","mid-wicket",2
"Shimron Hetmyer","deep square leg",1
"Shimron Hetmyer","long-on",1
"Shimron Hetmyer","mid-off",1
"Shimron Hetmyer","non-striker's end",1
"Shimron Hetmyer","point",1
"Shimron Hetmyer","slip",1
"Shimron Hetmyer","third man",1
"Sheldon Jackson","deep cover",1
"Sheldon Jackson","deep square leg",1
"Sheldon Jackson","long-off",1
"Sunil Narine","cover",3
"Sunil Narine","deep cover",3
"Sunil Narine","deep square leg",3
"Sunil Narine","long-off",2
"Sunil Narine","mid-off",2
"Sunil Narine","mid-wicket",2
"Sunil Narine","third man",2
"Sunil Narine","deep mid-wicket",1
"Sunil Narine","gully",1
"Sunil Narine","long-on",1
"Sunil Narine","mid-on",1
"Sunil Narine","non-striker's end",1
"Sunil Narine","point",1
"Sunil Narine","square leg",1
"Shreyas Iyer","square leg",4
"Shreyas Iyer","cover",3
"Shreyas Iyer","third man",3
"Shreyas Iyer","deep cover",2
"Shreyas Iyer","deep mid-wicket",2
"Shreyas Iyer","mid-wicket",2
"Shreyas Iyer","slip",2
"Shreyas Iyer","deep fine leg",1
"Shreyas Iyer","deep square leg",1
"Shreyas Iyer","gully",1
"Shreyas Iyer","long-off",1
"Shreyas Iyer","long-on",1
"Shreyas Iyer","mid-off",1
"Shreyas Iyer","point",1
"Shreyas Iyer","wicket-keeper",1
"Suyash Prabhudessai","deep cover",2
"Suyash Prabhudessai","deep square leg",1
"Suyash Prabhudessai","mid-on",1
"Suyash Prabhudessai","slip",1
"Suyash Prabhudessai","wicket-keeper",1
"Sanju Samson","point",6
"Sanju Samson","deep fine leg",4
"Sanju Samson","cover",3
"Sanju Samson","long-on",3
"Sanju Samson","third man",3
"Sanju Samson","deep square leg",2
"Sanju Samson","gully",2
"Sanju Samson","mid-on",2
"Sanju Samson","square leg",2
"Sanju Samson","deep cover",1
"Sanju Samson","deep mid-wicket",1
"Sanju Samson","fine leg",1
"Sanju Samson","mid-off",1
"Sanju Samson","mid-wicket",1
"Sanju Samson","short mid-off",1
"Sanju Samson","short mid-on",1
"Sanju Samson","slip",1
"Sam Billings","point",2
"Sam Billings","gully",1
"Sam Billings","long-off",1
"Sam Billings","long-on",1
"Sam Billings","mid-wicket",1
"Sameer Rizvi","square leg",2
"Sameer Rizvi","cover",1
"Sameer Rizvi","long-on",1
"Sameer Rizvi","mid-on",1
"Sanvir Singh","mid-off",1
"Saurav Chauhan","slip",2
"Sediqullah Atal","gully",1
"Shahbaz Ahmed","third man",3
"Shahbaz Ahmed","long-on",2
"Shahbaz Ahmed","mid-on",2
"Shahbaz Ahmed","cover",1
"Shahbaz Ahmed","deep square leg",1
"Shahbaz Ahmed","gully",1
"Shahbaz Ahmed","long-off",1
"Shahbaz Ahmed","mid-off",1
"Shahbaz Ahmed","mid-wicket",1
"Shahbaz Ahmed","slip",1
"Shashank Singh","mid-off",3
"Shashank Singh","deep mid-wicket",2
"Shashank Singh","wicket-keeper",2
"Shashank Singh","deep fine leg",1
"Shashank Singh","fine leg",1
"Shashank Singh","gully",1
"Shashank Singh","long-on",1
"Shashank Singh","non-striker's end",1
"Shivam Mavi","wicket-keeper",1
"Shubman Gill","deep square leg",4
"Shubman Gill","third man",4
"Shubman Gill","wicket-keeper",4
"Shubman Gill","gully",3
"Shubman Gill","point",3
"Shubman Gill","slip",3
"Shubman Gill","deep mid-wicket",2
"Shubman Gill","long-on",2
"Shubman Gill","mid-off",2
"Shubman Gill","mid-on",2
"Shubman Gill","mid-wicket",2
"Shubman Gill","deep cover",1
"Shubman Gill","deep fine leg",1
"Shubman Gill","fine leg",1
"Shubman Gill","square leg",1
"Sikandar Raza","fine leg",2
"Sikandar Raza","long-off",2
"Sikandar Raza","deep cover",1
"Sikandar Raza","deep mid-wicket",1
"Sumit Kumar","mid-on",1
"Sumit Kumar","wicket-keeper",1
"Suryansh Shedge","mid-wicket",1
"Suryansh Shedge","point",1
"Suryansh Shedge","square leg",1
"Swapnil Singh","slip",1
"Swapnil Singh","third man",1
"Tom Kohler-Cadmore","cover",1
"Tom Kohler-Cadmore","fine leg",1
"Tristan Stubbs","deep cover",2
"Tristan Stubbs","deep fine leg",2
"Tristan Stubbs","fine leg",1
"Tristan Stubbs","long-off",1
"Tristan Stubbs","mid-on",1
"Tristan Stubbs","point",1
"Tristan Stubbs","wicket-keeper",1
"Trent Boult","cover",1
"Trent Boult","mid-off",1
"Trent Boult","mid-wicket",1
"Tim Southee","deep mid-wicket",1
"Tim Southee","gully",1
"Tim Southee","long-off",1
"Tim David","deep fine leg",2
"Tim David","mid-off",2
"Tim David","slip",2
"Tim David","square leg",2
"Tim David","cover",1
"Tim David","deep mid-wicket",1
"Tim David","deep square leg",1
"Tim David","fine leg",1
"Tim David","long-off",1
"Tim David","long-on",1
"Tim David","non-striker's end",1
"Tim David","point",1
"Tim David","third man",1
"Tim Seifert","mid-off",1
"Travis Head","square leg",3
"Travis Head","deep square leg",2
"Travis Head","fine leg",2
"Travis Head","gully",2
"Travis Head","mid-wicket",2
"Travis Head","slip",2
"Travis Head","third man",2
"Travis Head","deep fine leg",1
"Travis Head","long-off",1
"Travis Head","long-on",1
"Travis Head","mid-on",1
"Travis Head","point",1
"Tymal Mills","cover",1
"Tushar Deshpande","slip",1
"Tilak Varma","deep cover",3
"Tilak Varma","gully",3
"Tilak Varma","long-on",3
"Tilak Varma","slip",3
"Tilak Varma","third man",3
"Tilak Varma","fine leg",2
"Tilak Varma","point",2
"Tilak Varma","cover",1
"Tilak Varma","deep mid-wicket",1
"Tilak Varma","deep square leg",1
"Tilak Varma","mid-off",1
"Tilak Varma","mid-wicket",1
"Tilak Varma","square leg",1
"Tilak Varma","wicket-keeper",1
"Umesh Yadav","non-striker's end",2
"Umesh Yadav","deep cover",1
"Umesh Yadav","deep fine leg",1
"Urvil Patel","cover",1
"Urvil Patel","long-on",1
"Urvil Patel","mid-wicket",1
"Virat Kohli","deep cover",4
"Virat Kohli","deep fine leg",4
"Virat Kohli","deep square leg",4
"Virat Kohli","long-off",4
"Virat Kohli","mid-on",4
"Virat Kohli","mid-wicket",3
"Virat Kohli","third man",3
"Virat Kohli","wicket-keeper",3
"Virat Kohli","cover",2
"Virat Kohli","fine leg",2
"Virat Kohli","non-striker's end",2
"Virat Kohli","deep mid-wicket",1
"Virat Kohli","gully",1
"Virat Kohli","long-on",1
"Virat Kohli","point",1
"Virat Kohli","slip",1
"V Nigam","deep square leg",1
"V Nigam","non-striker's end",1
"V Nigam","slip",1
"Vijay Shankar","cover",2
"Vijay Shankar","deep cover",1
"Vijay Shankar","deep fine leg",1
"Vijay Shankar","deep mid-wicket",1
"Vijay Shankar","deep square leg",1
"Vijay Shankar","fine leg",1
"Vijay Shankar","gully",1
"Vijay Shankar","mid-off",1
"Vijay Shankar","mid-wicket",1
"Vijay Shankar","third man",1
"Vijay Shankar","wicket-keeper",1
"V Suryavanshi","deep cover",1
"V Suryavanshi","deep fine leg",1
"V Suryavanshi","slip",1
"V Suryavanshi","third man",1
"Vaibhav Arora","deep mid-wicket",1
"Venkatesh Iyer","long-off",4
"Venkatesh Iyer","slip",4
"Venkatesh Iyer","cover",3
"Venkatesh Iyer","mid-on",3
"Venkatesh Iyer","point",3
"Venkatesh Iyer","deep cover",2
"Venkatesh Iyer","gully",2
"Venkatesh Iyer","square leg",2
"Venkatesh Iyer","third man",2
"Venkatesh Iyer","deep mid-wicket",1
"Venkatesh Iyer","deep square leg",1
"Venkatesh Iyer","long-on",1
"Venkatesh Iyer","non-striker's end",1
"Venkatesh Iyer","wicket-keeper",1
"Vijaykumar Vyshak","mid-on",1
"Vijaykumar Vyshak","third man",1
"Vishnu Vinod","cover",2
"Vishnu Vinod","mid-on",1
"Vivrant Sharma","mid-wicket",1
"Wayne Parnell","deep square leg",1
"Will Jacks","slip",4
"Will Jacks","deep square leg",2
"Will Jacks","point",2
"Will Jacks","deep cover",1
"Will Jacks","deep fine leg",1
"Will Jacks","fine leg",1
"Will Jacks","gully",1
"Will Jacks","mid-off",1
"Will Jacks","wicket-keeper",1
"Wriddhiman Saha","deep mid-wicket",3
"Wriddhiman Saha","gully",3
"Wriddhiman Saha","long-on",3
"Wriddhiman Saha","cover",2
"Wriddhiman Saha","mid-off",2
"Wriddhiman Saha","mid-on",2
"Wriddhiman Saha","slip",2
"Wriddhiman Saha","square leg",2
"Wriddhiman Saha","third man",2
"Wriddhiman Saha","deep square leg",1
"Wriddhiman Saha","fine leg",1
"Wriddhiman Saha","long-off",1
"Wriddhiman Saha","mid-wicket",1
"Wriddhiman Saha","non-striker's end",1
"Wriddhiman Saha","wicket-keeper",1
"Washington Sundar","deep cover",2
"Washington Sundar","deep fine leg",1
"Washington Sundar","deep mid-wicket",1
"Washington Sundar","deep square leg",1
"Washington Sundar","fine leg",1
"Washington Sundar","gully",1
"Washington Sundar","mid-off",1
"Washington Sundar","point",1
"Washington Sundar","third man",1
"Yashasvi Jaiswal","fine leg",5
"Yashasvi Jaiswal","wicket-keeper",5
"Yashasvi Jaiswal","deep fine leg",4
"Yashasvi Jaiswal","mid-off",4
"Yashasvi Jaiswal","square leg",4
"Yashasvi Jaiswal","deep mid-wicket",3
"Yashasvi Jaiswal","non-striker's end",3
"Yashasvi Jaiswal","deep cover",2
"Yashasvi Jaiswal","deep square leg",2
"Yashasvi Jaiswal","slip",2
"Yashasvi Jaiswal","cover",1
"Yashasvi Jaiswal","gully",1
"Yashasvi Jaiswal","long-off",1
"Yashasvi Jaiswal","mid-wicket",1
"Yashasvi Jaiswal","point",1
"Yashasvi Jaiswal","third man",1
"Yuzvendra Chahal","square leg",1
"Yash Dhull","deep mid-wicket",1
"Yash Dhull","mid-wicket",1
"Yash Dayal","gully",1
"Yash Dayal","non-striker's end",1
"Yudhvir Singh","cover",1
"Yudhvir Singh","square leg",1
"Yudhvir Singh","wicket-keeper",1
